team_nick,gm,draft_year
49ers,Bill Walsh,1979
49ers,Bill Walsh,1980
49ers,Bill Walsh,1981
49ers,Bill Walsh,1982
49ers,Bill Walsh,1983
49ers,Bill Walsh,1984
49ers,Bill Walsh,1985
49ers,Bill Walsh,1986
49ers,Bill Walsh,1987
49ers,Bill Walsh,1988
49ers,Bill Walsh,1989
49ers,Bill Walsh,1990
49ers,Bill Walsh,1991
49ers,Bill Walsh,1992
49ers,Bill Walsh,1993
49ers,Bill Walsh,1994
49ers,Bill Walsh,1995
49ers,Bill Walsh,1996
49ers,Bill Walsh,1997
49ers,Bill Walsh,1998
49ers,Bill Walsh,1999
49ers,Bill Walsh,2000
49ers,Terry Donahue,2001
49ers,Terry Donahue,2002
49ers,Terry Donahue,2003
49ers,Terry Donahue,2004
49ers,Scot McCloughan,2005
49ers,Scot McCloughan,2006
49ers,Scot McCloughan,2007
49ers,Scot McCloughan,2008
49ers,Scot McCloughan,2009
49ers,Trent Baalke,2010
49ers,Trent Baalke,2011
49ers,Trent Baalke,2012
49ers,Trent Baalke,2013
49ers,Trent Baalke,2014
49ers,Trent Baalke,2015
49ers,Trent Baalke,2016
49ers,John Lynch,2017
Bears,Jim Finks,1975
Bears,Jim Finks,1976
Bears,Jim Finks,1977
Bears,Jim Finks,1978
Bears,Jim Finks,1979
Bears,Jim Finks,1980
Bears,Jim Finks,1981
Bears,Jim Finks,1982
Bears,Jerry Vainisi,1983
Bears,Jerry Vainisi,1984
Bears,Jerry Vainisi,1985
Bears,Jerry Vainisi,1986
Bears,Bill Tobin,1987
Bears,Bill Tobin,1988
Bears,Bill Tobin,1989
Bears,Bill Tobin,1990
Bears,Bill Tobin,1991
Bears,Bill Tobin,1992
Bears,Rod Graves,1993
Bears,Rod Graves,1994
Bears,Rod Graves,1995
Bears,Rod Graves,1996
Bears,Mark Hatley,1997
Bears,Mark Hatley,1998
Bears,Mark Hatley,1999
Bears,Mark Hatley,2000
Bears,Jerry Angelo,2001
Bears,Jerry Angelo,2002
Bears,Jerry Angelo,2003
Bears,Jerry Angelo,2004
Bears,Jerry Angelo,2005
Bears,Jerry Angelo,2006
Bears,Jerry Angelo,2007
Bears,Jerry Angelo,2008
Bears,Jerry Angelo,2009
Bears,Jerry Angelo,2010
Bears,Jerry Angelo,2011
Bears,Phil Emery,2012
Bears,Phil Emery,2013
Bears,Phil Emery,2014
Bears,Ryan Pace,2015
Bengals,Paul Brown,1968
Bengals,Paul Brown,1969
Bengals,Paul Brown,1970
Bengals,Paul Brown,1971
Bengals,Paul Brown,1972
Bengals,Paul Brown,1973
Bengals,Paul Brown,1974
Bengals,Paul Brown,1975
Bengals,Paul Brown,1976
Bengals,Paul Brown,1977
Bengals,Paul Brown,1978
Bengals,Paul Brown,1979
Bengals,Paul Brown,1980
Bengals,Paul Brown,1981
Bengals,Paul Brown,1982
Bengals,Paul Brown,1983
Bengals,Paul Brown,1984
Bengals,Paul Brown,1985
Bengals,Paul Brown,1986
Bengals,Paul Brown,1987
Bengals,Paul Brown,1988
Bengals,Paul Brown,1989
Bengals,Paul Brown,1990
Bengals,Mike Brown,1991
Bills,Stew Barber,1979
Bills,Stew Barber,1980
Bills,Stew Barber,1981
Bills,Stew Barber,1982
Bills,Kay Stephenson,1983
Bills,Terry Bledsoe,1984
Bills,Terry Bledsoe,1985
Bills,Bill Polian,1986
Bills,Bill Polian,1987
Bills,Bill Polian,1988
Bills,Bill Polian,1989
Bills,Bill Polian,1990
Bills,Bill Polian,1991
Bills,Bill Polian,1992
Bills,John Butler,1993
Bills,John Butler,1994
Bills,John Butler,1995
Bills,John Butler,1996
Bills,John Butler,1997
Bills,John Butler,1998
Bills,John Butler,1999
Bills,John Butler,2000
Bills,Tom Donahoe,2001
Bills,Tom Donahoe,2002
Bills,Tom Donahoe,2003
Bills,Tom Donahoe,2004
Bills,Tom Donahoe,2005
Bills,Marv Levy,2006
Bills,Marv Levy,2007
Bills,Russ Brandon,2008
Bills,Russ Brandon,2009
Bills,Russ Brandon,2010
Bills,Buddy Nix,2011
Bills,Buddy Nix,2012
Bills,Doug Whaley,2013
Bills,Doug Whaley,2014
Bills,Doug Whaley,2015
Bills,Doug Whaley,2016
Bills,Brandon Beane,2017
Broncos,Grady Alderman,1981
Broncos,Grady Alderman,1982
Broncos,Hein Poulus,1983
Broncos,John Beake,1984
Broncos,John Beake,1985
Broncos,John Beake,1986
Broncos,John Beake,1987
Broncos,John Beake,1988
Broncos,John Beake,1989
Broncos,John Beake,1990
Broncos,John Beake,1991
Broncos,John Beake,1992
Broncos,John Beake,1993
Broncos,John Beake,1994
Broncos,John Beake,1995
Broncos,John Beake,1996
Broncos,John Beake,1997
Broncos,John Beake,1998
Broncos,Neal Dahlen,1999
Broncos,Neal Dahlen,2000
Broncos,Neal Dahlen,2001
Broncos,Ted Sundquist,2002
Broncos,Ted Sundquist,2003
Broncos,Ted Sundquist,2004
Broncos,Ted Sundquist,2005
Broncos,Ted Sundquist,2006
Broncos,Ted Sundquist,2007
Broncos,Jim Goodman,2008
Broncos,Brian Xanders,2009
Broncos,Brian Xanders,2010
Broncos,John Elway,2011
Browns,Peter Hadhazy,1974
Browns,Peter Hadhazy,1975
Browns,Peter Hadhazy,1976
Browns,Peter Hadhazy,1977
Browns,Peter Hadhazy,1978
Browns,Peter Hadhazy,1979
Browns,Peter Hadhazy,1980
Browns,Peter Hadhazy,1981
Browns,Peter Hadhazy,1982
Browns,Peter Hadhazy,1983
Browns,Peter Hadhazy,1984
Browns,Ernie Accorsi,1985
Browns,Ernie Accorsi,1986
Browns,Ernie Accorsi,1987
Browns,Ernie Accorsi,1988
Browns,Ernie Accorsi,1989
Browns,Ernie Accorsi,1990
Browns,Ernie Accorsi,1991
Browns,Bill Belichick,1992
Browns,Bill Belichick,1993
Browns,Bill Belichick,1994
Browns,Bill Belichick,1995
Browns,Bill Belichick,1996
Browns,Bill Belichick,1997
Browns,Bill Belichick,1998
Browns,Dwight Clark,1999
Browns,Dwight Clark,2000
Browns,Dwight Clark,2001
Browns,Butch Davis,2002
Browns,Butch Davis,2003
Browns,Butch Davis,2004
Browns,Phil Savage,2005
Browns,Phil Savage,2006
Browns,Phil Savage,2007
Browns,Phil Savage,2008
Browns,George Kokinis,2009
Browns,Tom Heckert,2010
Browns,Tom Heckert,2011
Browns,Tom Heckert,2012
Browns,Michael Lombardi,2013
Browns,Ray Farmer,2014
Browns,Ray Farmer,2015
Browns,Sashi Brown,2016
Browns,Sashi Brown,2017
Browns,John Dorsey,2018
Browns,John Dorsey,2019
Browns,Andrew Berry,2020
Buccaneers,Phil Krueger,1978
Buccaneers,Phil Krueger,1979
Buccaneers,Phil Krueger,1980
Buccaneers,Phil Krueger,1981
Buccaneers,Phil Krueger,1982
Buccaneers,Phil Krueger,1983
Buccaneers,Phil Krueger,1984
Buccaneers,Phil Krueger,1985
Buccaneers,Phil Krueger,1986
Buccaneers,Phil Krueger,1987
Buccaneers,Phil Krueger,1988
Buccaneers,Phil Krueger,1989
Buccaneers,Phil Krueger,1990
Buccaneers,Phil Krueger,1991
Buccaneers,Sam Wyche,1992
Buccaneers,Sam Wyche,1993
Buccaneers,Sam Wyche,1994
Buccaneers,Rich McKay,1995
Buccaneers,Rich McKay,1996
Buccaneers,Rich McKay,1997
Buccaneers,Rich McKay,1998
Buccaneers,Rich McKay,1999
Buccaneers,Rich McKay,2000
Buccaneers,Rich McKay,2001
Buccaneers,Rich McKay,2002
Buccaneers,Rich McKay,2003
Buccaneers,Bruce Allen,2004
Buccaneers,Bruce Allen,2005
Buccaneers,Bruce Allen,2006
Buccaneers,Bruce Allen,2007
Buccaneers,Bruce Allen,2008
Buccaneers,Mark Dominik,2009
Buccaneers,Mark Dominik,2010
Buccaneers,Mark Dominik,2011
Buccaneers,Mark Dominik,2012
Buccaneers,Mark Dominik,2013
Buccaneers,Jason Licht,2014
Cardinals,Larry Wilson,1980
Cardinals,Larry Wilson,1981
Cardinals,Larry Wilson,1982
Cardinals,Larry Wilson,1983
Cardinals,Larry Wilson,1984
Cardinals,Larry Wilson,1985
Cardinals,Larry Wilson,1986
Cardinals,Larry Wilson,1987
Cardinals,Larry Wilson,1988
Cardinals,Larry Wilson,1989
Cardinals,Larry Wilson,1990
Cardinals,Larry Wilson,1991
Cardinals,Larry Wilson,1992
Cardinals,Larry Wilson,1993
Cardinals,Buddy Ryan,1994
Cardinals,Buddy Ryan,1995
Cardinals,Bob Ferguson,1996
Cardinals,Bob Ferguson,1997
Cardinals,Bob Ferguson,1998
Cardinals,Bob Ferguson,1999
Cardinals,Bob Ferguson,2000
Cardinals,Bob Ferguson,2001
Cardinals,Bob Ferguson,2002
Cardinals,Rod Graves,2003
Cardinals,Rod Graves,2004
Cardinals,Rod Graves,2005
Cardinals,Rod Graves,2006
Cardinals,Rod Graves,2007
Cardinals,Rod Graves,2008
Cardinals,Rod Graves,2009
Cardinals,Rod Graves,2010
Cardinals,Rod Graves,2011
Cardinals,Rod Graves,2012
Cardinals,Steve Keim,2013
Chargers,Johnny Sanders,1976
Chargers,Johnny Sanders,1977
Chargers,Johnny Sanders,1978
Chargers,Johnny Sanders,1979
Chargers,Johnny Sanders,1980
Chargers,Johnny Sanders,1981
Chargers,Johnny Sanders,1982
Chargers,Johnny Sanders,1983
Chargers,Johnny Sanders,1984
Chargers,Johnny Sanders,1985
Chargers,Johnny Sanders,1986
Chargers,Steve Ortmayer,1987
Chargers,Steve Ortmayer,1988
Chargers,Steve Ortmayer,1989
Chargers,Bobby Beathard,1990
Chargers,Bobby Beathard,1991
Chargers,Bobby Beathard,1992
Chargers,Bobby Beathard,1993
Chargers,Bobby Beathard,1994
Chargers,Bobby Beathard,1995
Chargers,Bobby Beathard,1996
Chargers,Bobby Beathard,1997
Chargers,Bobby Beathard,1998
Chargers,Bobby Beathard,1999
Chargers,Bobby Beathard,2000
Chargers,John Butler,2001
Chargers,John Butler,2002
Chargers,A.J. Smith,2003
Chargers,A.J. Smith,2004
Chargers,A.J. Smith,2005
Chargers,A.J. Smith,2006
Chargers,A.J. Smith,2007
Chargers,A.J. Smith,2008
Chargers,A.J. Smith,2009
Chargers,A.J. Smith,2010
Chargers,A.J. Smith,2011
Chargers,A.J. Smith,2012
Chargers,Tom Telesco,2013
Chiefs,Jim Schaaf,1976
Chiefs,Jim Schaaf,1977
Chiefs,Jim Schaaf,1978
Chiefs,Jim Schaaf,1979
Chiefs,Jim Schaaf,1980
Chiefs,Jim Schaaf,1981
Chiefs,Jim Schaaf,1982
Chiefs,Jim Schaaf,1983
Chiefs,Jim Schaaf,1984
Chiefs,Jim Schaaf,1985
Chiefs,Jim Schaaf,1986
Chiefs,Jim Schaaf,1987
Chiefs,Jim Schaaf,1988
Chiefs,Carl Peterson,1989
Chiefs,Carl Peterson,1990
Chiefs,Carl Peterson,1991
Chiefs,Carl Peterson,1992
Chiefs,Carl Peterson,1993
Chiefs,Carl Peterson,1994
Chiefs,Carl Peterson,1995
Chiefs,Carl Peterson,1996
Chiefs,Carl Peterson,1997
Chiefs,Carl Peterson,1998
Chiefs,Carl Peterson,1999
Chiefs,Carl Peterson,2000
Chiefs,Carl Peterson,2001
Chiefs,Carl Peterson,2002
Chiefs,Carl Peterson,2003
Chiefs,Carl Peterson,2004
Chiefs,Carl Peterson,2005
Chiefs,Carl Peterson,2006
Chiefs,Carl Peterson,2007
Chiefs,Carl Peterson,2008
Chiefs,Scott Pioli,2009
Chiefs,Scott Pioli,2010
Chiefs,Scott Pioli,2011
Chiefs,Scott Pioli,2012
Chiefs,John Dorsey,2013
Chiefs,John Dorsey,2014
Chiefs,John Dorsey,2015
Chiefs,John Dorsey,2016
Chiefs,Brett Veach,2017
Colts,Ernie Accorsi,1982
Colts,Ernie Accorsi,1983
Colts,James Irsay,1984
Colts,James Irsay,1985
Colts,James Irsay,1986
Colts,James Irsay,1987
Colts,James Irsay,1988
Colts,James Irsay,1989
Colts,James Irsay,1990
Colts,James Irsay,1991
Colts,James Irsay,1992
Colts,James Irsay,1993
Colts,Bill Tobin,1994
Colts,Bill Tobin,1995
Colts,Bill Tobin,1996
Colts,Bill Polian,1997
Colts,Bill Polian,1998
Colts,Bill Polian,1999
Colts,Bill Polian,2000
Colts,Bill Polian,2001
Colts,Bill Polian,2002
Colts,Bill Polian,2003
Colts,Bill Polian,2004
Colts,Bill Polian,2005
Colts,Bill Polian,2006
Colts,Bill Polian,2007
Colts,Bill Polian,2008
Colts,Bill Polian,2009
Colts,Chris Polian,2010
Colts,Chris Polian,2011
Colts,Ryan Grigson,2012
Colts,Ryan Grigson,2013
Colts,Ryan Grigson,2014
Colts,Ryan Grigson,2015
Colts,Ryan Grigson,2016
Colts,Chris Ballard,2017
Cowboys,Tex Schramm,1960
Cowboys,Tex Schramm,1961
Cowboys,Tex Schramm,1962
Cowboys,Tex Schramm,1963
Cowboys,Tex Schramm,1964
Cowboys,Tex Schramm,1965
Cowboys,Tex Schramm,1966
Cowboys,Tex Schramm,1967
Cowboys,Tex Schramm,1968
Cowboys,Tex Schramm,1969
Cowboys,Tex Schramm,1970
Cowboys,Tex Schramm,1971
Cowboys,Tex Schramm,1972
Cowboys,Tex Schramm,1973
Cowboys,Tex Schramm,1974
Cowboys,Tex Schramm,1975
Cowboys,Tex Schramm,1976
Cowboys,Tex Schramm,1977
Cowboys,Tex Schramm,1978
Cowboys,Tex Schramm,1979
Cowboys,Tex Schramm,1980
Cowboys,Tex Schramm,1981
Cowboys,Tex Schramm,1982
Cowboys,Tex Schramm,1983
Cowboys,Tex Schramm,1984
Cowboys,Tex Schramm,1985
Cowboys,Tex Schramm,1986
Cowboys,Tex Schramm,1987
Cowboys,Tex Schramm,1988
Cowboys,Jimmy Johnson,1989
Cowboys,Jimmy Johnson,1990
Cowboys,Jimmy Johnson,1991
Cowboys,Jimmy Johnson,1992
Cowboys,Jimmy Johnson,1993
Cowboys,Jerry Jones,1994
Dolphins,Mike Robbie,1978
Dolphins,Mike Robbie,1979
Dolphins,Mike Robbie,1980
Dolphins,Mike Robbie,1981
Dolphins,Mike Robbie,1982
Dolphins,Mike Robbie,1983
Dolphins,Mike Robbie,1984
Dolphins,Mike Robbie,1985
Dolphins,Mike Robbie,1986
Dolphins,Mike Robbie,1987
Dolphins,Mike Robbie,1988
Dolphins,Mike Robbie,1989
Dolphins,Eddie Jones,1990
Dolphins,Eddie Jones,1991
Dolphins,Eddie Jones,1992
Dolphins,Eddie Jones,1993
Dolphins,Eddie Jones,1994
Dolphins,Eddie Jones,1995
Dolphins,Jimmy Johnson,1996
Dolphins,Jimmy Johnson,1997
Dolphins,Jimmy Johnson,1998
Dolphins,Jimmy Johnson,1999
Dolphins,Dave Wannstedt,2000
Dolphins,Dave Wannstedt,2001
Dolphins,Dave Wannstedt,2002
Dolphins,Dave Wannstedt,2003
Dolphins,Rick Spielman,2004
Dolphins,Randy Mueller,2005
Dolphins,Randy Mueller,2006
Dolphins,Randy Mueller,2007
Dolphins,Bill Parcells,2008
Dolphins,Bill Parcells,2009
Dolphins,Jeff Ireland,2010
Dolphins,Jeff Ireland,2011
Dolphins,Jeff Ireland,2012
Dolphins,Jeff Ireland,2013
Dolphins,Dennis Hickey,2014
Dolphins,Dennis Hickey,2015
Dolphins,Chris Grier,2016
Eagles,Jim Murray,1973
Eagles,Jim Murray,1974
Eagles,Jim Murray,1975
Eagles,Jim Murray,1976
Eagles,Jim Murray,1977
Eagles,Jim Murray,1978
Eagles,Jim Murray,1979
Eagles,Jim Murray,1980
Eagles,Jim Murray,1981
Eagles,Jim Murray,1982
Eagles,Jim Murray,1983
Eagles,Jim Murray,1984
Eagles,Harry Gamble,1985
Eagles,Harry Gamble,1986
Eagles,Harry Gamble,1987
Eagles,Harry Gamble,1988
Eagles,Harry Gamble,1989
Eagles,Harry Gamble,1990
Eagles,Harry Gamble,1991
Eagles,Harry Gamble,1992
Eagles,Harry Gamble,1993
Eagles,Harry Gamble,1994
Eagles,Harry Gamble,1995
Eagles,Ray Rhodes,1996
Eagles,Ray Rhodes,1997
Eagles,Tom Modrak,1998
Eagles,Tom Modrak,1999
Eagles,Tom Modrak,2000
Eagles,Andy Reid,2001
Eagles,Andy Reid,2002
Eagles,Andy Reid,2003
Eagles,Andy Reid,2004
Eagles,Andy Reid,2005
Eagles,Andy Reid,2006
Eagles,Andy Reid,2007
Eagles,Andy Reid,2008
Eagles,Andy Reid,2009
Eagles,Andy Reid,2010
Eagles,Andy Reid,2011
Eagles,Andy Reid,2012
Eagles,Howie Roseman,2013
Eagles,Howie Roseman,2014
Eagles,Chip Kelly,2015
Eagles,Howie Roseman,2016
Falcons,Tom Braatz,1982
Falcons,Tom Braatz,1983
Falcons,Tom Braatz,1984
Falcons,Tom Braatz,1985
Falcons,Dan Henning,1986
Falcons,Ken Herock,1987
Falcons,Ken Herock,1988
Falcons,Ken Herock,1989
Falcons,Ken Herock,1990
Falcons,Ken Herock,1991
Falcons,Ken Herock,1992
Falcons,Ken Herock,1993
Falcons,Ken Herock,1994
Falcons,Ken Herock,1995
Falcons,Ken Herock,1996
Falcons,Dan Reeves,1997
Falcons,Dan Reeves,1998
Falcons,Dan Reeves,1999
Falcons,Dan Reeves,2000
Falcons,Dan Reeves,2001
Falcons,Dan Reeves,2002
Falcons,Dan Reeves,2003
Falcons,Rich McKay,2004
Falcons,Rich McKay,2005
Falcons,Rich McKay,2006
Falcons,Rich McKay,2007
Falcons,Thomas Dimitroff,2008
Football Team,Bobby Beathard,1978
Football Team,Bobby Beathard,1979
Football Team,Bobby Beathard,1980
Football Team,Bobby Beathard,1981
Football Team,Bobby Beathard,1982
Football Team,Bobby Beathard,1983
Football Team,Bobby Beathard,1984
Football Team,Bobby Beathard,1985
Football Team,Bobby Beathard,1986
Football Team,Bobby Beathard,1987
Football Team,Bobby Beathard,1988
Football Team,Charley Casserly,1989
Football Team,Charley Casserly,1990
Football Team,Charley Casserly,1991
Football Team,Charley Casserly,1992
Football Team,Charley Casserly,1993
Football Team,Charley Casserly,1994
Football Team,Charley Casserly,1995
Football Team,Charley Casserly,1996
Football Team,Charley Casserly,1997
Football Team,Charley Casserly,1998
Football Team,Charley Casserly,1999
Football Team,Vinny Cerrato,2000
Football Team,Vinny Cerrato,2001
Football Team,Vinny Cerrato,2002
Football Team,Vinny Cerrato,2003
Football Team,Vinny Cerrato,2004
Football Team,Vinny Cerrato,2005
Football Team,Vinny Cerrato,2006
Football Team,Vinny Cerrato,2007
Football Team,Vinny Cerrato,2008
Football Team,Vinny Cerrato,2009
Football Team,Bruce Allen,2010
Football Team,Bruce Allen,2011
Football Team,Bruce Allen,2012
Football Team,Bruce Allen,2013
Football Team,Bruce Allen,2014
Football Team,Bruce Allen,2015
Football Team,Bruce Allen,2016
Football Team,Bruce Allen,2017
Football Team,Bruce Allen,2018
Football Team,Bruce Allen,2019
Football Team,Ron Rivera,2020
Giants,George Young,1979
Giants,George Young,1980
Giants,George Young,1981
Giants,George Young,1982
Giants,George Young,1983
Giants,George Young,1984
Giants,George Young,1985
Giants,George Young,1986
Giants,George Young,1987
Giants,George Young,1988
Giants,George Young,1989
Giants,George Young,1990
Giants,George Young,1991
Giants,George Young,1992
Giants,George Young,1993
Giants,George Young,1994
Giants,George Young,1995
Giants,George Young,1996
Giants,George Young,1997
Giants,Ernie Accorsi,1998
Giants,Ernie Accorsi,1999
Giants,Ernie Accorsi,2000
Giants,Ernie Accorsi,2001
Giants,Ernie Accorsi,2002
Giants,Ernie Accorsi,2003
Giants,Ernie Accorsi,2004
Giants,Ernie Accorsi,2005
Giants,Ernie Accorsi,2006
Giants,Jerry Reese,2007
Giants,Jerry Reese,2008
Giants,Jerry Reese,2009
Giants,Jerry Reese,2010
Giants,Jerry Reese,2011
Giants,Jerry Reese,2012
Giants,Jerry Reese,2013
Giants,Jerry Reese,2014
Giants,Jerry Reese,2015
Giants,Jerry Reese,2016
Giants,Jerry Reese,2017
Giants,Dave Gettleman,2018
Jaguars,Tom Coughlin,1995
Jaguars,Tom Coughlin,1996
Jaguars,Tom Coughlin,1997
Jaguars,Tom Coughlin,1998
Jaguars,Tom Coughlin,1999
Jaguars,Tom Coughlin,2000
Jaguars,Tom Coughlin,2001
Jaguars,Tom Coughlin,2002
Jaguars,James Harris,2003
Jaguars,James Harris,2004
Jaguars,James Harris,2005
Jaguars,James Harris,2006
Jaguars,James Harris,2007
Jaguars,James Harris,2008
Jaguars,Gene Smith,2009
Jaguars,Gene Smith,2010
Jaguars,Gene Smith,2011
Jaguars,Gene Smith,2012
Jaguars,David Caldwell,2013
Jets,Jim Kensil,1977
Jets,Jim Kensil,1978
Jets,Jim Kensil,1979
Jets,Jim Kensil,1980
Jets,Jim Kensil,1981
Jets,Jim Kensil,1982
Jets,Jim Kensil,1983
Jets,Jim Kensil,1984
Jets,Jim Kensil,1985
Jets,Jim Kensil,1986
Jets,Jim Kensil,1987
Jets,Joe Walton,1988
Jets,Joe Walton,1989
Jets,Dick Steinberg,1990
Jets,Dick Steinberg,1991
Jets,Dick Steinberg,1992
Jets,Dick Steinberg,1993
Jets,Dick Steinberg,1994
Jets,Rich Kotite,1995
Jets,Rich Kotite,1996
Jets,Bill Parcells,1997
Jets,Bill Parcells,1998
Jets,Bill Parcells,1999
Jets,Bill Parcells,2000
Jets,Terry Bradway,2001
Jets,Terry Bradway,2002
Jets,Terry Bradway,2003
Jets,Terry Bradway,2004
Jets,Terry Bradway,2005
Jets,Mike Tannenbaum,2006
Jets,Mike Tannenbaum,2007
Jets,Mike Tannenbaum,2008
Jets,Mike Tannenbaum,2009
Jets,Mike Tannenbaum,2010
Jets,Mike Tannenbaum,2011
Jets,Mike Tannenbaum,2012
Jets,John Idzik,2013
Jets,John Idzik,2014
Jets,Mike Maccagnan,2015
Jets,Mike Maccagnan,2016
Jets,Mike Maccagnan,2017
Jets,Mike Maccagnan,2018
Jets,Joe Douglas,2019
Lions,Russ Thomas,1967
Lions,Russ Thomas,1968
Lions,Russ Thomas,1969
Lions,Russ Thomas,1970
Lions,Russ Thomas,1971
Lions,Russ Thomas,1972
Lions,Russ Thomas,1973
Lions,Russ Thomas,1974
Lions,Russ Thomas,1975
Lions,Russ Thomas,1976
Lions,Russ Thomas,1977
Lions,Russ Thomas,1978
Lions,Russ Thomas,1979
Lions,Russ Thomas,1980
Lions,Russ Thomas,1981
Lions,Russ Thomas,1982
Lions,Russ Thomas,1983
Lions,Russ Thomas,1984
Lions,Russ Thomas,1985
Lions,Russ Thomas,1986
Lions,Russ Thomas,1987
Lions,Russ Thomas,1988
Lions,Chuck Schmidt,1989
Lions,Chuck Schmidt,1990
Lions,Chuck Schmidt,1991
Lions,Chuck Schmidt,1992
Lions,Chuck Schmidt,1993
Lions,Chuck Schmidt,1994
Lions,Chuck Schmidt,1995
Lions,Chuck Schmidt,1996
Lions,Chuck Schmidt,1997
Lions,Chuck Schmidt,1998
Lions,Chuck Schmidt,1999
Lions,Chuck Schmidt,2000
Lions,Matt Millen,2001
Lions,Matt Millen,2002
Lions,Matt Millen,2003
Lions,Matt Millen,2004
Lions,Matt Millen,2005
Lions,Matt Millen,2006
Lions,Matt Millen,2007
Lions,Matt Millen,2008
Lions,Martin Mayhew,2009
Lions,Martin Mayhew,2010
Lions,Martin Mayhew,2011
Lions,Martin Mayhew,2012
Lions,Martin Mayhew,2013
Lions,Martin Mayhew,2014
Lions,Martin Mayhew,2015
Lions,Bob Quinn,2016
Packers,Tom Miller,1981
Packers,Tom Miller,1982
Packers,Tom Miller,1983
Packers,Forrest Gregg,1984
Packers,Forrest Gregg,1985
Packers,Forrest Gregg,1986
Packers,Tom Braatz,1987
Packers,Tom Braatz,1988
Packers,Tom Braatz,1989
Packers,Tom Braatz,1990
Packers,Tom Braatz,1991
Packers,Ron Wolf,1992
Packers,Ron Wolf,1993
Packers,Ron Wolf,1994
Packers,Ron Wolf,1995
Packers,Ron Wolf,1996
Packers,Ron Wolf,1997
Packers,Ron Wolf,1998
Packers,Ron Wolf,1999
Packers,Ron Wolf,2000
Packers,Mike Sherman,2001
Packers,Mike Sherman,2002
Packers,Mike Sherman,2003
Packers,Mike Sherman,2004
Packers,Ted Thompson,2005
Packers,Ted Thompson,2006
Packers,Ted Thompson,2007
Packers,Ted Thompson,2008
Packers,Ted Thompson,2009
Packers,Ted Thompson,2010
Packers,Ted Thompson,2011
Packers,Ted Thompson,2012
Packers,Ted Thompson,2013
Packers,Ted Thompson,2014
Packers,Ted Thompson,2015
Packers,Ted Thompson,2016
Packers,Ted Thompson,2017
Packers,Brian Gutekunst,2018
Panthers,Bill Polian,1995
Panthers,Bill Polian,1996
Panthers,Bill Polian,1997
Panthers,Dom Capers,1998
Panthers,George Seifert,1999
Panthers,George Seifert,2000
Panthers,George Seifert,2001
Panthers,Marty Hurney,2002
Panthers,Marty Hurney,2003
Panthers,Marty Hurney,2004
Panthers,Marty Hurney,2005
Panthers,Marty Hurney,2006
Panthers,Marty Hurney,2007
Panthers,Marty Hurney,2008
Panthers,Marty Hurney,2009
Panthers,Marty Hurney,2010
Panthers,Marty Hurney,2011
Panthers,Marty Hurney,2012
Panthers,Dave Gettleman,2013
Panthers,Dave Gettleman,2014
Panthers,Dave Gettleman,2015
Panthers,Dave Gettleman,2016
Panthers,Dave Gettleman,2017
Panthers,Marty Hurney,2018
Patriots,Pat Sullivan,1983
Patriots,Pat Sullivan,1984
Patriots,Pat Sullivan,1985
Patriots,Pat Sullivan,1986
Patriots,Pat Sullivan,1987
Patriots,Pat Sullivan,1988
Patriots,Pat Sullivan,1989
Patriots,Pat Sullivan,1990
Patriots,Joe Mendes,1991
Patriots,Charley Armey,1992
Patriots,Bill Parcells,1993
Patriots,Bill Parcells,1994
Patriots,Bill Parcells,1995
Patriots,Bill Parcells,1996
Patriots,Bobby Grier,1997
Patriots,Bobby Grier,1998
Patriots,Bobby Grier,1999
Patriots,Bill Belichick,2000
Raiders,Al Davis,1963
Raiders,Al Davis,1964
Raiders,Al Davis,1965
Raiders,Al Davis,1966
Raiders,Al Davis,1967
Raiders,Al Davis,1968
Raiders,Al Davis,1969
Raiders,Al Davis,1970
Raiders,Al Davis,1971
Raiders,Al Davis,1972
Raiders,Al Davis,1973
Raiders,Al Davis,1974
Raiders,Al Davis,1975
Raiders,Al Davis,1976
Raiders,Al Davis,1977
Raiders,Al Davis,1978
Raiders,Al Davis,1979
Raiders,Al Davis,1980
Raiders,Al Davis,1981
Raiders,Al Davis,1982
Raiders,Al Davis,1983
Raiders,Al Davis,1984
Raiders,Al Davis,1985
Raiders,Al Davis,1986
Raiders,Al Davis,1987
Raiders,Al Davis,1988
Raiders,Al Davis,1989
Raiders,Al Davis,1990
Raiders,Al Davis,1991
Raiders,Al Davis,1992
Raiders,Al Davis,1993
Raiders,Al Davis,1994
Raiders,Al Davis,1995
Raiders,Al Davis,1996
Raiders,Al Davis,1997
Raiders,Al Davis,1998
Raiders,Al Davis,1999
Raiders,Al Davis,2000
Raiders,Al Davis,2001
Raiders,Al Davis,2002
Raiders,Al Davis,2003
Raiders,Al Davis,2004
Raiders,Al Davis,2005
Raiders,Al Davis,2006
Raiders,Al Davis,2007
Raiders,Al Davis,2008
Raiders,Al Davis,2009
Raiders,Al Davis,2010
Raiders,Hue Jackson,2011
Raiders,Reggie McKenzie,2012
Raiders,Reggie McKenzie,2013
Raiders,Reggie McKenzie,2014
Raiders,Reggie McKenzie,2015
Raiders,Reggie McKenzie,2016
Raiders,Reggie McKenzie,2017
Raiders,Reggie McKenzie,2018
Raiders,Mike Mayock,2019
Rams,Ray Nagel,1983
Rams,Ray Nagel,1984
Rams,John Shaw,1985
Rams,John Shaw,1986
Rams,John Shaw,1987
Rams,John Shaw,1988
Rams,John Shaw,1989
Rams,John Shaw,1990
Rams,John Shaw,1991
Rams,John Shaw,1992
Rams,John Shaw,1993
Rams,John Shaw,1994
Rams,Steve Ortmayer,1995
Rams,Steve Ortmayer,1996
Rams,Dick Vermeil,1997
Rams,Dick Vermeil,1998
Rams,Dick Vermeil,1999
Rams,Jay Zygmunt,2000
Rams,Jay Zygmunt,2001
Rams,Jay Zygmunt,2002
Rams,Jay Zygmunt,2003
Rams,Jay Zygmunt,2004
Rams,Jay Zygmunt,2005
Rams,Jay Zygmunt,2006
Rams,Jay Zygmunt,2007
Rams,Jay Zygmunt,2008
Rams,Billy Devaney,2009
Rams,Billy Devaney,2010
Rams,Billy Devaney,2011
Rams,Jeff Fisher,2012
Rams,Jeff Fisher,2013
Rams,Les Snead,2014
Ravens,Ozzie Newsome,1996
Ravens,Ozzie Newsome,1997
Ravens,Ozzie Newsome,1998
Ravens,Ozzie Newsome,1999
Ravens,Ozzie Newsome,2000
Ravens,Ozzie Newsome,2001
Ravens,Ozzie Newsome,2002
Ravens,Ozzie Newsome,2003
Ravens,Ozzie Newsome,2004
Ravens,Ozzie Newsome,2005
Ravens,Ozzie Newsome,2006
Ravens,Ozzie Newsome,2007
Ravens,Ozzie Newsome,2008
Ravens,Ozzie Newsome,2009
Ravens,Ozzie Newsome,2010
Ravens,Ozzie Newsome,2011
Ravens,Ozzie Newsome,2012
Ravens,Ozzie Newsome,2013
Ravens,Ozzie Newsome,2014
Ravens,Ozzie Newsome,2015
Ravens,Ozzie Newsome,2016
Ravens,Ozzie Newsome,2017
Ravens,Ozzie Newsome,2018
Ravens,Eric DeCosta,2019
Saints,Bum Phillips,1981
Saints,Bum Phillips,1982
Saints,Bum Phillips,1983
Saints,Bum Phillips,1984
Saints,Bum Phillips,1985
Saints,Jim Finks,1986
Saints,Jim Finks,1987
Saints,Jim Finks,1988
Saints,Jim Finks,1989
Saints,Jim Finks,1990
Saints,Jim Finks,1991
Saints,Jim Finks,1992
Saints,Bill Kuharich,1993
Saints,Bill Kuharich,1994
Saints,Bill Kuharich,1995
Saints,Bill Kuharich,1996
Saints,Bill Kuharich,1997
Saints,Bill Kuharich,1998
Saints,Bill Kuharich,1999
Saints,Randy Mueller,2000
Saints,Randy Mueller,2001
Saints,Mickey Loomis,2002
Seahawks,Mike McCormack,1982
Seahawks,Mike McCormack,1983
Seahawks,Mike McCormack,1984
Seahawks,Mike McCormack,1985
Seahawks,Mike McCormack,1986
Seahawks,Mike McCormack,1987
Seahawks,Mike McCormack,1988
Seahawks,Tom Flores,1989
Seahawks,Tom Flores,1990
Seahawks,Tom Flores,1991
Seahawks,Tom Flores,1992
Seahawks,Tom Flores,1993
Seahawks,Tom Flores,1994
Seahawks,Randy Mueller,1995
Seahawks,Randy Mueller,1996
Seahawks,Randy Mueller,1997
Seahawks,Randy Mueller,1998
Seahawks,Mike Holmgren,1999
Seahawks,Mike Holmgren,2000
Seahawks,Mike Holmgren,2001
Seahawks,Mike Holmgren,2002
Seahawks,Bob Ferguson,2003
Seahawks,Bob Ferguson,2004
Seahawks,Tim Ruskell,2005
Seahawks,Tim Ruskell,2006
Seahawks,Tim Ruskell,2007
Seahawks,Tim Ruskell,2008
Seahawks,Tim Ruskell,2009
Seahawks,John Schneider,2010
Steelers,Dick Haley,1971
Steelers,Dick Haley,1972
Steelers,Dick Haley,1973
Steelers,Dick Haley,1974
Steelers,Dick Haley,1975
Steelers,Dick Haley,1976
Steelers,Dick Haley,1977
Steelers,Dick Haley,1978
Steelers,Dick Haley,1979
Steelers,Dick Haley,1980
Steelers,Dick Haley,1981
Steelers,Dick Haley,1982
Steelers,Dick Haley,1983
Steelers,Dick Haley,1984
Steelers,Dick Haley,1985
Steelers,Dick Haley,1986
Steelers,Dick Haley,1987
Steelers,Dick Haley,1988
Steelers,Dick Haley,1989
Steelers,Dick Haley,1990
Steelers,Tom Donahoe,1991
Steelers,Tom Donahoe,1992
Steelers,Tom Donahoe,1993
Steelers,Tom Donahoe,1994
Steelers,Tom Donahoe,1995
Steelers,Tom Donahoe,1996
Steelers,Tom Donahoe,1997
Steelers,Tom Donahoe,1998
Steelers,Tom Donahoe,1999
Steelers,Kevin Colbert,2000
Texans,Charley Casserly,2002
Texans,Charley Casserly,2003
Texans,Charley Casserly,2004
Texans,Charley Casserly,2005
Texans,Rick Smith,2006
Texans,Rick Smith,2007
Texans,Rick Smith,2008
Texans,Rick Smith,2009
Texans,Rick Smith,2010
Texans,Rick Smith,2011
Texans,Rick Smith,2012
Texans,Rick Smith,2013
Texans,Rick Smith,2014
Texans,Rick Smith,2015
Texans,Rick Smith,2016
Texans,Rick Smith,2017
Texans,Brian Gaine,2018
Texans,Bill O'Brien,2019
Titans,Ladd Herzeg,1981
Titans,Ladd Herzeg,1982
Titans,Ladd Herzeg,1983
Titans,Ladd Herzeg,1984
Titans,Ladd Herzeg,1985
Titans,Ladd Herzeg,1986
Titans,Ladd Herzeg,1987
Titans,Ladd Herzeg,1988
Titans,Ladd Herzeg,1989
Titans,Mike Holovak,1990
Titans,Mike Holovak,1991
Titans,Mike Holovak,1992
Titans,Mike Holovak,1993
Titans,Floyd Reese,1994
Titans,Floyd Reese,1995
Titans,Floyd Reese,1996
Titans,Floyd Reese,1997
Titans,Floyd Reese,1998
Titans,Floyd Reese,1999
Titans,Floyd Reese,2000
Titans,Floyd Reese,2001
Titans,Floyd Reese,2002
Titans,Floyd Reese,2003
Titans,Floyd Reese,2004
Titans,Floyd Reese,2005
Titans,Floyd Reese,2006
Titans,Mike Reinfeldt,2007
Titans,Mike Reinfeldt,2008
Titans,Mike Reinfeldt,2009
Titans,Mike Reinfeldt,2010
Titans,Mike Reinfeldt,2011
Titans,Ruston Webster,2012
Titans,Ruston Webster,2013
Titans,Ruston Webster,2014
Titans,Ruston Webster,2015
Titans,Jon Robinson,2016
Vikings,Mike Lynn,1975
Vikings,Mike Lynn,1976
Vikings,Mike Lynn,1977
Vikings,Mike Lynn,1978
Vikings,Mike Lynn,1979
Vikings,Mike Lynn,1980
Vikings,Mike Lynn,1981
Vikings,Mike Lynn,1982
Vikings,Mike Lynn,1983
Vikings,Mike Lynn,1984
Vikings,Mike Lynn,1985
Vikings,Mike Lynn,1986
Vikings,Mike Lynn,1987
Vikings,Mike Lynn,1988
Vikings,Mike Lynn,1989
Vikings,Mike Lynn,1990
Vikings,Jeff Diamond,1991
Vikings,Jeff Diamond,1992
Vikings,Jeff Diamond,1993
Vikings,Jeff Diamond,1994
Vikings,Jeff Diamond,1995
Vikings,Jeff Diamond,1996
Vikings,Jeff Diamond,1997
Vikings,Jeff Diamond,1998
Vikings,Tim Connolly,1999
Vikings,Dennis Green,2000
Vikings,Dennis Green,2001
Vikings,Rob Brzezinski,2002
Vikings,Rob Brzezinski,2003
Vikings,Rob Brzezinski,2004
Vikings,Rob Brzezinski,2005
Vikings,Rick Spielman,2006
