round,pick,team,player,pos_pfr,draft_age,last_season,all_pro,pro_bowl,years_starter,career_av,draft_team_av,games,completions,pass_attempts,pass_yards,pass_touchdowns,pass_interceptions,rush_attempts,rush_yards,rush_touchdowns,receptions,receiving_yards,receiving_touchdowns,solo_tackles,defense_interceptions,sacks,college,draft_year
1,1,JAX,Trevor Lawrence,QB,21,2024,0,1,4,34,34,59,1284,2024,13774,69,45,230,1077,14,0,-5,0,4,NA,NA,Clemson,2021
1,2,NYJ,Zach Wilson,QB,22,2023,0,0,3,13,13,34,566,993,6293,23,25,93,498,5,1,2,1,1,NA,NA,BYU,2021
1,3,SFO,Trey Lance,QB,21,2024,0,0,0,4,4,9,60,108,818,5,4,57,252,1,0,0,0,1,NA,NA,North Dakota St.,2021
1,4,ATL,Kyle Pitts,TE,20,2024,0,1,4,16,16,55,0,0,0,0,0,1,-4,0,184,2543,9,3,NA,NA,Florida,2021
1,5,CIN,Ja'Marr Chase,WR,21,2024,0,3,4,33,33,56,1,1,-7,0,0,16,34,0,341,4773,41,6,NA,NA,LSU,2021
1,6,MIA,Jaylen Waddle,WR,22,2024,0,0,4,28,28,57,0,0,0,0,0,11,47,1,284,3789,19,4,NA,NA,Alabama,2021
1,7,DET,Penei Sewell,OL,20,2024,1,2,4,36,36,60,0,0,0,0,0,0,0,0,1,9,0,NA,NA,NA,Oregon,2021
1,8,CAR,Jaycee Horn,DB,21,2024,0,0,2,8,8,32,0,0,0,0,0,0,0,0,0,0,0,93,5,NA,South Carolina,2021
1,9,DEN,Patrick Surtain II,DB,21,2024,1,2,4,28,28,60,0,0,0,0,0,0,0,0,0,0,0,166,10,NA,Alabama,2021
1,10,PHI,DeVonta Smith,WR,22,2024,0,0,4,32,32,59,0,0,0,0,0,0,0,0,281,3694,23,1,NA,NA,Alabama,2021
1,11,CHI,Justin Fields,QB,22,2024,0,0,3,34,34,48,684,1119,7780,45,31,416,2494,19,0,0,0,NA,NA,NA,Ohio St.,2021
1,12,DAL,Micah Parsons,LB,22,2024,2,3,3,50,50,56,0,0,0,0,0,0,0,0,0,0,0,155,NA,43.5,Penn St.,2021
1,13,LAC,Rashawn Slater,OL,22,2024,0,1,3,23,23,45,0,0,0,0,0,0,0,0,0,0,0,NA,NA,NA,Northwestern,2021
1,14,NYJ,Alijah Vera-Tucker,OL,22,2024,0,0,2,8,8,37,0,0,0,0,0,0,0,0,0,0,0,NA,NA,NA,USC,2021
1,15,NWE,Mac Jones,QB,23,2024,0,1,3,24,24,46,901,1368,9195,46,39,124,342,2,0,0,0,1,NA,NA,Alabama,2021
1,16,ARI,Zaven Collins,LB,22,2024,0,0,3,14,14,60,0,0,0,0,0,0,0,0,0,0,0,128,2,8.5,Tulsa,2021
1,17,LVR,Alex Leatherwood,OL,22,2022,0,0,1,8,8,21,0,0,0,0,0,0,0,0,0,0,0,NA,NA,NA,Alabama,2021
1,18,MIA,Jaelan Phillips,DL,22,2024,0,0,1,14,14,46,0,0,0,0,0,0,0,0,0,0,0,90,1,23,Miami (FL),2021
1,19,WAS,Jamin Davis,LB,22,2024,0,0,2,16,16,50,0,0,0,0,0,0,0,0,0,0,0,174,1,7,Kentucky,2021
1,20,NYG,Kadarius Toney,WR,22,2024,0,0,0,7,3,33,1,4,19,0,0,22,112,1,82,760,3,NA,NA,NA,Florida,2021
1,21,IND,Kwity Paye,DL,22,2024,0,0,4,20,20,52,0,0,0,0,0,0,0,0,0,0,0,100,NA,24,Michigan,2021
1,22,TEN,Caleb Farley,DB,22,2024,0,0,0,1,1,15,0,0,0,0,0,0,0,0,0,0,0,17,NA,NA,Virginia Tech,2021
1,23,MIN,Christian Darrisaw,OL,22,2024,0,0,3,18,18,48,0,0,0,0,0,0,0,0,0,0,0,1,NA,NA,Virginia Tech,2021
1,24,PIT,Najee Harris,RB,23,2024,0,1,4,22,22,62,1,1,4,0,0,1025,4018,25,167,1061,6,4,NA,NA,Alabama,2021
1,25,JAX,Travis Etienne,RB,22,2024,0,0,3,20,20,43,0,0,0,0,0,569,2458,18,115,894,1,NA,NA,NA,Clemson,2021
1,26,CLE,Greg Newsome II,DB,21,2024,0,0,3,13,13,52,0,0,0,0,0,0,0,0,0,0,0,120,2,1,Northwestern,2021
1,27,BAL,Rashod Bateman,WR,21,2024,0,0,2,11,11,45,0,0,0,0,0,1,18,0,126,1698,8,NA,NA,NA,Minnesota,2021
1,28,NOR,Payton Turner,DE,22,2024,0,0,0,2,2,25,0,0,0,0,0,0,0,0,0,0,0,28,NA,5,Houston,2021
1,29,GNB,Eric Stokes,DB,22,2024,0,0,3,7,7,38,0,0,0,0,0,0,0,0,0,0,0,89,1,NA,Georgia,2021
1,30,BUF,Gregory Rousseau,DL,21,2024,0,0,4,25,25,57,0,0,0,0,0,0,0,0,0,0,0,125,1,22.5,Miami (FL),2021
1,31,BAL,Odafe Oweh,DE,22,2024,0,0,1,10,10,56,0,0,0,0,0,0,0,0,0,0,0,92,NA,20,Penn St.,2021
1,32,TAM,Joe Tryon-Shoyinka,OLB,22,2024,0,0,3,17,17,61,0,0,0,0,0,0,0,0,0,0,0,81,NA,15,Washington,2021
2,33,JAX,Tyson Campbell,DB,21,2024,0,0,4,15,15,49,0,0,0,0,0,0,0,0,0,0,0,164,6,NA,Georgia,2021
2,34,NYJ,Elijah Moore,WR,21,2024,0,0,3,12,7,55,0,0,0,0,0,19,70,1,181,1960,9,4,NA,NA,Mississippi,2021
2,35,DEN,Javonte Williams,RB,21,2024,0,0,2,15,15,48,0,0,0,0,0,579,2328,10,141,870,5,1,NA,NA,North Carolina,2021
2,36,MIA,Jevon Holland,S,21,2024,0,0,4,16,16,53,0,0,0,0,0,0,0,0,0,0,0,199,5,5,Oregon,2021
2,37,PHI,Landon Dickerson,OL,22,2024,0,2,4,23,23,57,0,0,0,0,0,0,0,0,0,0,0,1,NA,NA,Alabama,2021
2,38,NWE,Christian Barmore,DL,22,2024,0,0,0,10,10,45,0,0,0,0,0,0,0,0,0,0,0,77,NA,12.5,Alabama,2021
2,39,CHI,Teven Jenkins,OL,23,2024,0,0,3,11,11,40,0,0,0,0,0,0,0,0,0,0,0,1,NA,NA,Oklahoma St.,2021
2,40,ATL,Richie Grant,DB,23,2024,0,0,2,13,13,61,0,0,0,0,0,0,0,0,0,0,0,175,3,3,Central Florida,2021
2,41,DET,Levi Onwuzurike,DL,23,2024,0,0,1,2,2,36,0,0,0,0,0,0,0,0,0,0,0,28,NA,3.5,Washington,2021
2,42,MIA,Liam Eichenberg,OL,23,2024,0,0,4,18,18,53,0,0,0,0,0,0,0,0,0,0,0,NA,NA,NA,Notre Dame,2021
2,43,LVR,Tre'von Moehrig,S,22,2024,0,0,4,14,14,59,0,0,0,0,0,0,0,0,0,0,0,183,6,2.5,TCU,2021
2,44,DAL,Kelvin Joseph,DB,21,2024,0,0,0,2,2,33,0,0,0,0,0,0,0,0,0,0,0,34,NA,NA,Kentucky,2021
2,45,JAX,Walker Little,T,22,2024,0,0,1,9,9,51,0,0,0,0,0,0,0,0,0,0,0,NA,NA,NA,Stanford,2021
2,46,CIN,Jackson Carman,T,21,2024,0,0,0,4,4,24,0,0,0,0,0,0,0,0,0,0,0,NA,NA,NA,Clemson,2021
2,47,LAC,Asante Samuel Jr.,DB,21,2024,0,0,3,13,13,50,0,0,0,0,0,0,0,0,0,0,0,148,6,NA,Florida St.,2021
2,48,SFO,Aaron Banks,OL,24,2024,0,0,3,15,15,50,0,0,0,0,0,0,0,0,0,0,0,NA,NA,NA,Notre Dame,2021
2,49,ARI,Rondale Moore,WR,21,2023,0,0,0,12,12,39,0,0,0,0,0,52,249,1,135,1201,3,1,NA,NA,Purdue,2021
2,50,NYG,Azeez Ojulari,OLB,21,2024,0,0,1,14,14,45,0,0,0,0,0,0,0,0,0,0,0,59,NA,22,Georgia,2021
2,51,WAS,Samuel Cosmi,OL,22,2024,0,0,2,15,15,51,0,0,0,0,0,0,0,0,0,0,0,NA,NA,NA,Texas,2021
2,52,CLE,Jeremiah Owusu-Koramoah,LB,21,2024,0,1,3,18,18,49,0,0,0,0,0,0,0,0,0,0,0,205,3,8,Notre Dame,2021
2,53,TEN,Dillon Radunz,T,23,2024,0,0,2,7,7,48,0,0,0,0,0,0,0,0,0,0,0,1,NA,NA,North Dakota St.,2021
2,54,IND,Dayo Odeyingbo,DL,21,2024,0,0,1,7,7,55,0,0,0,0,0,0,0,0,0,0,0,54,NA,16.5,Vanderbilt,2021
2,55,PIT,Pat Freiermuth,TE,22,2024,0,0,2,13,13,55,0,0,0,0,0,0,0,0,190,1891,14,2,NA,NA,Penn St.,2021
2,56,SEA,D'Wayne Eskridge,WR,24,2024,0,0,0,2,2,28,0,0,0,0,0,8,74,0,19,158,1,1,NA,NA,Western Michigan,2021
2,57,LAR,Tutu Atwell,WR,21,2024,0,0,1,8,8,47,0,1,0,0,0,15,72,1,84,1174,4,NA,NA,NA,Louisville,2021
2,58,KAN,Nick Bolton,LB,21,2024,0,0,3,16,16,51,0,0,0,0,0,0,0,0,0,0,0,263,3,3,Missouri,2021
2,59,CAR,Terrace Marshall Jr.,WR,21,2024,0,0,1,6,6,37,0,0,0,0,0,0,0,0,64,767,1,1,NA,NA,LSU,2021
2,60,NOR,Pete Werner,LB,22,2024,0,0,3,18,18,51,0,0,0,0,0,0,0,0,0,0,0,183,1,0.5,Ohio St.,2021
2,61,BUF,Boogie Basham,DL,23,2024,0,0,0,4,3,37,0,0,0,0,0,0,0,0,0,0,0,25,1,4.5,Wake Forest,2021
2,62,GNB,Josh Myers,C,23,2024,0,0,3,20,20,49,0,0,0,0,0,0,0,0,0,0,0,NA,NA,NA,Ohio St.,2021
2,63,KAN,Creed Humphrey,OL,22,2024,0,2,4,30,30,61,0,0,0,0,0,0,0,0,0,0,0,1,NA,NA,Oklahoma,2021
2,64,TAM,Kyle Trask,QB,23,2024,0,0,0,0,0,4,3,10,23,0,0,3,-3,0,0,0,0,NA,NA,NA,Florida,2021
3,65,JAX,Andre Cisco,DB,21,2024,0,0,3,14,14,58,0,0,0,0,0,0,0,0,0,0,0,143,8,1.5,Syracuse,2021
3,66,MIN,Kellen Mond,QB,22,2021,0,0,0,0,0,1,2,3,5,0,0,0,0,0,0,0,0,NA,NA,NA,Texas A&M,2021
3,67,HOU,Davis Mills,QB,22,2024,0,0,2,15,15,36,580,925,6034,35,25,52,161,2,0,0,0,2,NA,NA,Stanford,2021
3,68,ATL,Jalen Mayfield,OL,21,2023,0,0,1,7,7,19,0,0,0,0,0,0,0,0,0,0,0,NA,NA,NA,Michigan,2021
3,69,CIN,Joseph Ossai,LB,21,2024,0,0,0,4,4,41,0,0,0,0,0,0,0,0,0,0,0,22,NA,5.5,Texas,2021
3,70,CAR,Brady Christensen,OL,24,2024,0,0,1,10,10,44,0,0,0,0,0,0,0,0,0,0,0,1,NA,NA,BYU,2021
3,71,NYG,Aaron Robinson,DB,22,2022,0,0,0,2,2,11,0,0,0,0,0,0,0,0,0,0,0,21,NA,NA,Central Florida,2021
3,72,DET,Alim McNeill,DT,21,2024,0,0,3,13,13,57,0,0,0,0,0,0,0,0,0,0,0,63,NA,11.5,North Carolina St.,2021
3,73,PHI,Milton Williams,DL,22,2024,0,0,1,7,7,60,0,0,0,0,0,0,0,0,0,0,0,62,NA,9.5,Louisiana Tech,2021
3,74,WAS,Benjamin St-Juste,DB,23,2024,0,0,3,9,9,48,0,0,0,0,0,0,0,0,0,0,0,149,1,3,Minnesota,2021
3,75,DAL,Osa Odighizuwa,DL,23,2024,0,0,4,21,21,60,0,0,0,0,0,0,0,0,0,0,0,88,NA,11,UCLA,2021
3,76,NOR,Paulson Adebo,CB,22,2024,0,0,4,16,16,52,0,0,0,0,0,0,0,0,0,0,0,209,10,NA,Stanford,2021
3,77,LAC,Josh Palmer,WR,21,2024,0,0,1,13,13,52,0,0,0,0,0,3,16,0,163,2068,10,2,NA,NA,Tennessee,2021
3,78,MIN,Chazz Surratt,LB,24,2024,0,0,0,2,1,35,0,0,0,0,0,0,0,0,0,0,0,20,NA,NA,North Carolina,2021
3,79,LVR,Malcolm Koonce,DE,23,2023,0,0,1,7,7,39,0,0,0,0,0,0,0,0,0,0,0,40,NA,10,Buffalo,2021
3,80,LVR,Divine Deablo,DB,23,2024,0,0,2,14,14,47,0,0,0,0,0,0,0,0,0,0,0,153,NA,2,Virginia Tech,2021
3,81,MIA,Hunter Long,TE,23,2024,0,0,0,0,0,30,0,0,0,0,0,0,0,0,6,51,0,2,NA,NA,Boston Col.,2021
3,82,WAS,Dyami Brown,WR,21,2024,0,0,0,3,3,58,1,1,4,0,0,3,11,0,43,625,4,4,NA,NA,North Carolina,2021
3,83,CAR,Tommy Tremble,TE,21,2024,0,0,1,4,4,54,0,0,0,0,0,3,11,1,71,620,7,7,NA,NA,Notre Dame,2021
3,84,DAL,Chauncey Golston,DL,23,2024,0,0,0,6,6,57,0,0,0,0,0,0,0,0,0,0,0,53,NA,5.5,Iowa,2021
3,85,GNB,Amari Rodgers,WR,21,2023,0,0,0,2,1,35,0,0,0,0,0,3,18,0,20,249,1,3,NA,NA,Clemson,2021
3,86,MIN,Wyatt Davis,OL,22,2022,0,0,0,0,0,9,0,0,0,0,0,0,0,0,0,0,0,NA,NA,NA,Ohio St.,2021
3,87,PIT,Kendrick Green,OL,22,2024,0,0,1,6,5,30,0,0,0,0,0,0,0,0,0,0,0,1,NA,NA,Illinois,2021
3,88,SFO,Trey Sermon,RB,22,2024,0,0,0,2,1,36,0,0,0,0,0,125,477,3,18,114,0,1,NA,NA,Ohio St.,2021
3,89,HOU,Nico Collins,WR,22,2024,0,0,1,18,18,45,0,0,0,0,0,1,7,0,186,2845,14,2,NA,NA,Michigan,2021
3,90,MIN,Patrick Jones II,DL,22,2024,0,0,0,5,5,52,0,0,0,0,0,0,0,0,0,0,0,57,NA,12,Pittsburgh,2021
3,91,CLE,Anthony Schwartz,WR,21,2022,0,0,0,2,2,25,0,0,0,0,0,10,96,1,14,186,1,3,NA,NA,Auburn,2021
3,92,TEN,Monty Rice,LB,22,2023,0,0,0,6,6,35,0,0,0,0,0,0,0,0,0,0,0,70,NA,NA,Georgia,2021
3,93,BUF,Spencer Brown,OL,23,2024,0,0,3,24,24,54,0,0,0,0,0,0,0,0,0,0,0,1,NA,NA,Northern Iowa,2021
3,94,BAL,Ben Cleveland,OL,23,2024,0,0,0,5,5,48,0,0,0,0,0,0,0,0,0,0,0,NA,NA,NA,Georgia,2021
3,95,TAM,Robert Hainsey,OL,23,2024,0,0,2,14,14,53,0,0,0,0,0,0,0,0,0,-3,0,NA,NA,NA,Notre Dame,2021
3,96,NWE,Ronnie Perkins,DE,21,2023,0,0,0,0,NA,7,0,0,0,0,0,0,0,0,0,0,0,9,NA,NA,Oklahoma,2021
3,97,LAC,Tre' McKitty,TE,22,2023,0,0,0,1,1,34,0,0,0,0,0,0,0,0,16,117,0,2,NA,NA,Georgia,2021
3,98,DEN,Quinn Meinerz,C,22,2024,0,0,3,14,14,56,0,0,0,0,0,0,0,0,0,0,0,1,NA,NA,Wisconsinâ€“Whitewater,2021
3,99,DAL,Nahshon Wright,DB,22,2023,0,0,0,2,2,32,0,0,0,0,0,0,0,0,0,0,0,27,1,NA,Oregon St.,2021
3,100,TEN,Elijah Molden,DB,22,2024,0,0,1,7,7,43,0,0,0,0,0,0,0,0,0,0,0,118,5,NA,Washington,2021
3,101,DET,Ifeatu Melifonwu,DB,22,2023,0,0,0,5,5,34,0,0,0,0,0,0,0,0,0,0,0,45,2,3.5,Syracuse,2021
3,102,SFO,Ambry Thomas,DB,21,2023,0,0,0,6,6,42,0,0,0,0,0,0,0,0,0,0,0,61,2,NA,Michigan,2021
3,103,LAR,Ernest Jones,LB,21,2024,0,0,2,14,14,56,0,0,0,0,0,0,0,0,0,0,0,224,3,5.5,South Carolina,2021
3,104,BAL,Brandon Stephens,CB,23,2024,0,0,3,13,13,59,0,0,0,0,0,0,0,0,0,0,0,180,2,1,SMU,2021
3,105,DEN,Baron Browning,LB,22,2024,0,0,1,14,14,44,0,0,0,0,0,0,0,0,0,0,0,66,1,9.5,Ohio St.,2021
4,106,JAX,Jay Tufele,DL,22,2024,0,0,0,2,0,28,0,0,0,0,0,0,0,0,0,0,0,15,NA,0.5,USC,2021
4,107,NYJ,Michael Carter,RB,22,2023,0,0,2,12,11,45,0,0,0,0,0,291,1228,7,101,714,1,1,NA,NA,North Carolina,2021
4,108,ATL,Darren Hall,CB,21,2024,0,0,1,4,4,35,0,0,0,0,0,0,0,0,0,0,0,51,NA,1,San Diego St.,2021
4,109,TEN,Dez Fitzpatrick,WR,23,2023,0,0,0,0,0,6,0,0,0,0,0,0,0,0,5,49,1,1,NA,NA,Louisville,2021
4,110,CLE,James Hudson,OL,22,2024,0,0,0,7,7,49,0,0,0,0,0,0,0,0,0,0,0,NA,NA,NA,Cincinnati,2021
4,111,CIN,Cameron Sample,DE,21,2023,0,0,0,5,5,47,0,0,0,0,0,0,0,0,0,0,0,44,NA,5,Tulane,2021
4,112,DET,Amon-Ra St. Brown,WR,21,2024,1,2,3,35,35,59,1,1,7,1,0,21,176,1,380,4273,30,1,NA,NA,USC,2021
4,113,DET,Derrick Barnes,DE,22,2024,0,0,1,10,10,51,0,0,0,0,0,0,0,0,0,0,0,119,NA,4,Purdue,2021
4,114,ATL,Drew Dalman,C,22,2024,0,0,2,13,13,51,0,0,0,0,0,0,0,0,0,0,0,1,NA,NA,Stanford,2021
4,115,DAL,Jabril Cox,LB,23,2023,0,0,0,3,2,26,0,0,0,0,0,0,0,0,0,0,0,7,NA,NA,LSU,2021
4,116,NYG,Elerson Smith,DL,23,2024,0,0,0,1,1,15,0,0,0,0,0,0,0,0,0,0,0,4,NA,NA,Northern Iowa,2021
4,117,LAR,Bobby Brown,DL,21,2024,0,0,2,7,7,42,0,0,0,0,0,0,0,0,0,0,0,29,NA,0.5,Texas A&M,2021
4,118,LAC,Chris Rumph,DE,22,2023,0,0,0,3,3,37,0,0,0,0,0,0,0,0,0,0,0,19,NA,3,Duke,2021
4,119,MIN,Kene Nwangwu,RB,23,2023,0,0,0,3,3,37,0,0,0,0,0,27,88,0,6,30,0,4,NA,NA,Iowa St.,2021
4,120,NWE,Rhamondre Stevenson,RB,23,2024,0,0,2,17,17,51,0,0,0,0,0,653,2850,20,149,900,2,3,NA,NA,Oklahoma,2021
4,121,JAX,Jordan Smith,OLB,23,2021,0,0,0,0,0,2,0,0,0,0,0,0,0,0,0,0,0,1,NA,NA,Ala-Birmingham,2021
4,122,CIN,Tyler Shelvin,DT,23,2022,0,0,0,0,0,5,0,0,0,0,0,0,0,0,0,0,0,1,NA,NA,LSU,2021
4,123,PHI,Zech McPhearson,DB,23,2022,0,0,0,2,2,33,0,0,0,0,0,0,0,0,0,0,0,19,NA,1,Texas Tech,2021
4,124,WAS,John Bates,TE,23,2024,0,0,0,4,4,61,0,0,0,0,0,0,0,0,58,559,2,5,NA,NA,Boise St.,2021
4,125,MIN,Camryn Bynum,CB,23,2024,0,0,3,14,14,58,0,0,0,0,0,0,0,0,0,0,0,192,8,1.5,California,2021
4,126,CAR,Chuba Hubbard,RB,22,2024,0,0,2,14,14,59,0,0,0,0,0,666,2798,18,108,702,2,4,NA,NA,Oklahoma St.,2021
4,127,IND,Kylen Granson,TE,23,2024,0,0,0,6,6,56,0,0,0,0,0,2,2,0,79,870,1,9,NA,NA,SMU,2021
4,128,PIT,Dan Moore,OL,22,2024,0,0,4,21,21,60,0,0,0,0,0,0,0,0,0,0,0,NA,NA,NA,Texas A&M,2021
4,129,TAM,Jaelon Darden,WR,22,2024,0,0,0,0,0,30,0,0,0,0,0,2,13,0,9,75,0,NA,NA,NA,North Texas,2021
4,130,LAR,Robert Rochell,DB,23,2024,0,0,0,3,3,41,0,0,0,0,0,0,0,0,0,0,0,21,1,NA,Central Arkansas,2021
4,131,BAL,Tylan Wallace,WR,22,2024,0,0,0,1,1,48,0,0,0,0,0,0,0,0,13,221,1,8,NA,NA,Oklahoma St.,2021
4,132,CLE,Tommy Togiai,DT,21,2024,0,0,0,2,2,20,0,0,0,0,0,0,0,0,0,0,0,13,NA,1,Ohio St.,2021
4,133,NOR,Ian Book,QB,23,2021,0,0,0,0,0,1,12,20,135,0,2,3,6,0,0,0,0,NA,NA,NA,Notre Dame,2021
4,134,MIN,Janarius Robinson,DE,22,2024,0,0,0,1,NA,13,0,0,0,0,0,0,0,0,0,0,0,7,NA,1.5,Florida St.,2021
4,135,TEN,Rashad Weaver,DL,23,2024,0,0,0,5,5,36,0,0,0,0,0,0,0,0,0,0,0,29,NA,5.5,Pittsburgh,2021
4,136,ARI,Marco Wilson,CB,22,2024,0,0,3,12,12,54,0,0,0,0,0,0,0,0,0,0,0,133,3,NA,Florida,2021
4,137,SEA,Tre Brown,CB,23,2024,0,0,0,4,4,34,0,0,0,0,0,0,0,0,0,0,0,59,2,1,Oklahoma,2021
4,138,DAL,Josh Ball,OL,23,2022,0,0,0,1,1,13,0,0,0,0,0,0,0,0,0,0,0,NA,NA,NA,Marshall,2021
4,139,CIN,D'Ante Smith,T,23,2022,0,0,0,1,1,3,0,0,0,0,0,0,0,0,0,0,0,NA,NA,NA,East Carolina,2021
4,140,PIT,Buddy Johnson,LB,22,2024,0,0,0,0,0,13,0,0,0,0,0,0,0,0,0,0,0,7,NA,NA,Texas A&M,2021
4,141,LAR,Jacob Harris,WR,24,2023,0,0,0,0,0,18,0,0,0,0,0,0,0,0,1,6,0,2,NA,NA,Central Florida,2021
4,142,GNB,Royce Newman,G,24,2024,0,0,1,14,14,52,0,0,0,0,0,0,0,0,0,0,0,1,NA,NA,Mississippi,2021
4,143,LVR,Tyree Gillespie,S,23,2022,0,0,0,1,1,14,0,0,0,0,0,0,0,0,0,0,0,1,NA,NA,Missouri,2021
4,144,KAN,Joshua Kaindoh,DE,22,2021,0,0,0,0,0,3,0,0,0,0,0,0,0,0,0,0,0,NA,NA,NA,Florida St.,2021
5,145,JAX,Luke Farrell,TE,23,2024,0,0,0,1,1,60,0,0,0,0,0,0,0,0,33,306,0,3,NA,NA,Ohio St.,2021
5,146,NYJ,Jamien Sherwood,DB,21,2024,0,0,1,4,4,50,0,0,0,0,0,0,0,0,0,0,0,109,NA,2.5,Auburn,2021
5,147,HOU,Brevin Jordan,TE,21,2024,0,0,0,4,4,36,0,0,0,0,0,0,0,0,53,532,5,1,NA,NA,Miami (FL),2021
5,148,ATL,Ta'Quon Graham,DL,22,2024,0,0,1,8,8,49,0,0,0,0,0,0,0,0,0,0,0,35,NA,1,Texas,2021
5,149,CIN,Evan McPherson,K,22,2024,0,0,2,11,11,60,0,0,0,0,0,0,0,0,0,0,0,1,NA,NA,Florida,2021
5,150,PHI,Kenneth Gainwell,RB,22,2024,0,0,0,13,13,59,1,1,17,0,0,247,1092,11,93,654,1,1,NA,NA,Memphis,2021
5,151,CHI,Larry Borom,OL,22,2024,0,0,1,12,12,42,0,0,0,0,0,0,0,0,0,0,0,NA,NA,NA,Missouri,2021
5,152,DEN,Caden Sterns,DB,21,2023,0,0,0,3,3,21,0,0,0,0,0,0,0,0,0,0,0,36,4,2,Texas,2021
5,153,CLE,Tony Fields,LB,22,2024,0,0,0,9,9,45,0,0,0,0,0,0,0,0,0,0,0,48,1,NA,West Virginia,2021
5,154,NYJ,Michael Carter II,S,22,2024,0,0,0,9,9,56,0,0,0,0,0,0,0,0,0,0,0,147,2,1,Duke,2021
5,155,SFO,Jaylon Moore,T,23,2024,0,0,0,6,6,50,0,0,0,0,0,0,0,0,0,0,0,NA,NA,NA,Western Michigan,2021
5,156,PIT,Isaiahh Loudermilk,DE,23,2024,0,0,0,5,5,53,0,0,0,0,0,0,0,0,0,0,0,35,NA,1,Wisconsin,2021
5,157,MIN,Ihmir Smith-Marsette,WR,22,2024,0,0,0,3,1,41,0,0,0,0,0,9,73,1,14,182,2,1,NA,NA,Iowa,2021
5,158,CAR,Daviyon Nixon,DT,22,2022,0,0,0,1,1,14,0,0,0,0,0,0,0,0,0,0,0,4,NA,0.5,Iowa,2021
5,159,LAC,Brenden Jaimes,OL,22,2024,0,0,0,4,4,44,0,0,0,0,0,0,0,0,0,0,0,NA,NA,NA,Nebraska,2021
5,160,BAL,Shaun Wade,CB,22,2023,0,0,0,3,NA,20,0,0,0,0,0,0,0,0,0,0,0,23,NA,NA,Ohio St.,2021
5,161,BUF,Tommy Doyle,OL,23,2022,0,0,0,1,1,12,0,0,0,0,0,0,0,0,0,0,0,NA,NA,NA,Miami (OH),2021
5,162,KAN,Noah Gray,TE,22,2024,0,0,2,6,6,60,0,0,0,0,0,2,2,1,86,889,6,3,NA,NA,Duke,2021
5,163,WAS,Darrick Forrest,S,22,2024,0,0,1,6,6,34,0,0,0,0,0,0,0,0,0,0,0,80,4,NA,Cincinnati,2021
5,164,DEN,Jamar Johnson,DB,21,2021,0,0,0,0,0,3,0,0,0,0,0,0,0,0,0,0,0,NA,NA,NA,Indiana,2021
5,165,IND,Shawn Davis,DB,23,2021,0,0,0,0,NA,1,0,0,0,0,0,0,0,0,0,0,0,NA,NA,NA,Florida,2021
5,166,CAR,Keith Taylor,DB,22,2024,0,0,0,4,4,38,0,0,0,0,0,0,0,0,0,0,0,55,NA,NA,Washington,2021
5,167,LVR,Nate Hobbs,CB,22,2024,0,0,3,10,10,49,0,0,0,0,0,0,0,0,0,0,0,195,3,3,Illinois,2021
5,168,MIN,Zach Davidson,TE,23,2024,0,0,0,0,NA,1,0,0,0,0,0,0,0,0,1,5,0,NA,NA,NA,Central Missouri St.,2021
5,169,CLE,Richard LeCounte,DB,22,2023,0,0,0,1,1,12,0,0,0,0,0,0,0,0,0,0,0,2,NA,NA,Georgia,2021
5,170,HOU,Garret Wallow,LB,22,2023,0,0,0,4,4,35,0,0,0,0,0,0,0,0,0,0,0,26,NA,1,TCU,2021
5,171,BAL,Daelin Hayes,DL,23,2021,0,0,0,0,0,1,0,0,0,0,0,0,0,0,0,0,0,NA,NA,NA,Notre Dame,2021
5,172,SFO,Deommodore Lenoir,CB,21,2024,0,0,3,11,11,57,0,0,0,0,0,0,0,0,0,0,0,165,6,1,Oregon,2021
5,173,GNB,Tedarrell Slaton,DL,23,2024,0,0,2,10,10,61,0,0,0,0,0,0,0,0,0,0,0,59,NA,2,Florida,2021
5,174,LAR,Earnest Brown IV,DE,22,2024,0,0,0,1,1,15,0,0,0,0,0,0,0,0,0,0,0,5,NA,NA,Northwestern,2021
5,175,NYJ,Jason Pinnock,CB,22,2024,0,0,2,8,1,51,0,0,0,0,0,0,0,0,0,0,0,131,2,6.5,Pittsburgh,2021
5,176,TAM,K.J. Britt,LB,22,2024,0,0,1,5,5,55,0,0,0,0,0,0,0,0,0,0,0,59,NA,0.5,Auburn,2021
5,177,NWE,Cameron McGrone,LB,21,2024,0,0,0,1,NA,17,0,0,0,0,0,0,0,0,0,0,0,4,NA,NA,Michigan,2021
5,178,GNB,Shemar Jean-Charles,DB,23,2024,0,0,0,1,1,31,0,0,0,0,0,0,0,0,0,0,0,14,1,NA,Appalachian St.,2021
5,179,DAL,Simi Fehoko,WR,23,2024,0,0,0,0,0,24,0,0,0,0,0,0,0,0,10,139,1,2,NA,NA,Stanford,2021
5,180,SFO,Talanoa Hufanga,S,22,2024,1,1,2,18,18,44,0,0,0,0,0,0,0,0,0,0,0,134,7,2,USC,2021
5,181,KAN,Cornell Powell,WR,23,2022,0,0,0,0,0,3,0,0,0,0,0,0,0,0,0,0,0,NA,NA,NA,Clemson,2021
5,182,ATL,Adetokunbo Ogundeji,DL,22,2024,0,0,2,10,10,35,0,0,0,0,0,0,0,0,0,0,0,37,NA,3,Notre Dame,2021
5,183,ATL,Avery Williams,CB,23,2024,0,0,0,2,2,43,0,0,0,0,0,22,109,1,13,61,0,13,NA,NA,Boise St.,2021
5,184,BAL,Ben Mason,FB,22,2023,0,0,0,0,0,1,0,0,0,0,0,0,0,0,0,0,0,NA,NA,NA,Michigan,2021
6,185,LAC,Nick Niemann,LB,23,2024,0,0,0,4,4,57,0,0,0,0,0,1,0,0,0,0,0,42,1,NA,Iowa,2021
6,186,NYJ,Hamsah Nasirildeen,DB,22,2022,0,0,0,2,2,19,0,0,0,0,0,0,0,0,0,0,0,5,NA,NA,Florida St.,2021
6,187,ATL,Frank Darby,WR,23,2023,0,0,0,0,0,16,0,0,0,0,0,0,0,0,2,29,0,NA,NA,NA,Arizona St.,2021
6,188,NWE,Joshuah Bledsoe,S,22,2023,0,0,0,0,0,4,0,0,0,0,0,0,0,0,0,0,0,NA,NA,NA,Missouri,2021
6,189,PHI,Marlon Tuipulotu,DL,22,2023,0,0,0,2,2,28,0,0,0,0,0,0,0,0,0,0,0,22,NA,3,USC,2021
6,190,CIN,Trey Hill,OL,21,2024,0,0,0,3,3,25,0,0,0,0,0,0,0,0,0,0,0,NA,NA,NA,Georgia,2021
6,191,PHI,Tarron Jackson,DE,23,2024,0,0,0,1,1,24,0,0,0,0,0,0,0,0,0,0,0,11,NA,1,Coastal Carolina,2021
6,192,DAL,Quinton Bohanna,DT,22,2024,0,0,1,8,6,34,0,0,0,0,0,0,0,0,0,0,0,15,NA,NA,Kentucky,2021
6,193,CAR,Deonte Brown,OL,23,2021,0,0,0,0,0,3,0,0,0,0,0,0,0,0,0,0,0,NA,NA,NA,Alabama,2021
6,194,SFO,Elijah Mitchell,RB,23,2023,0,0,0,11,11,27,0,0,0,0,0,327,1523,9,28,158,1,NA,NA,NA,Louisiana,2021
6,195,HOU,Roy Lopez,DL,24,2024,0,0,3,15,13,56,0,0,0,0,0,0,0,0,0,0,0,69,NA,3,Arizona,2021
6,196,NYG,Gary Brightwell,RB,22,2024,0,0,0,1,1,39,0,0,0,0,0,41,164,1,11,92,0,3,NA,NA,Arizona,2021
6,197,NWE,William Sherman,OL,22,2021,0,0,0,0,0,1,0,0,0,0,0,0,0,0,0,0,0,NA,NA,NA,Colorado,2021
6,198,LAC,Larry Rountree,RB,22,2022,0,0,0,1,1,16,0,0,0,0,0,49,106,1,3,13,0,NA,NA,NA,Missouri,2021
6,199,MIN,Jaylen Twyman,DL,22,NA,0,0,0,NA,NA,NA,NA,NA,NA,NA,NA,NA,NA,NA,NA,NA,NA,NA,NA,NA,Pittsburgh,2021
6,200,NYJ,Brandin Echols,CB,23,2024,0,0,1,7,7,52,0,0,0,0,0,0,0,0,1,18,0,77,5,NA,Kentucky,2021
6,201,NYG,Rodarius Williams,CB,24,2022,0,0,0,1,1,8,0,0,0,0,0,0,0,0,0,0,0,16,1,NA,Oklahoma St.,2021
6,202,CIN,Chris Evans,RB,23,2023,0,0,0,2,2,34,0,0,0,0,0,19,89,0,19,188,3,6,NA,NA,Michigan,2021
6,203,BUF,Marquez Stevenson,WR,23,2021,0,0,0,0,0,5,0,0,0,0,0,0,0,0,0,0,0,NA,NA,NA,Houston,2021
6,204,CAR,Shi Smith,WR,22,2022,0,0,0,4,4,23,0,0,0,0,0,1,-3,0,28,400,2,4,NA,NA,South Carolina,2021
6,205,TEN,Racey McMath,WR,22,2022,0,0,0,0,0,14,0,0,0,0,0,1,4,0,4,48,0,2,NA,NA,LSU,2021
6,206,NOR,Landon Young,T,24,2024,0,0,0,6,6,50,0,0,0,0,0,0,0,0,0,0,0,NA,NA,NA,Kentucky,2021
6,207,NYJ,Jonathan Marshall,DL,23,2021,0,0,0,0,0,4,0,0,0,0,0,0,0,0,0,0,0,1,NA,NA,Arkansas,2021
6,208,SEA,Stone Forsythe,OL,23,2024,0,0,0,8,8,50,0,0,0,0,0,0,0,0,0,0,0,NA,NA,NA,Florida,2021
6,209,JAX,Jalen Camp,WR,23,2022,0,0,0,0,NA,5,0,0,0,0,0,0,0,0,1,7,0,NA,NA,NA,Georgia Tech,2021
6,210,ARI,Victor Dimukeje,DE,21,2024,0,0,0,5,5,50,0,0,0,0,0,0,0,0,0,0,0,36,NA,4,Duke,2021
6,211,CLE,Demetric Felton,RB,23,2022,0,0,0,2,2,24,0,0,0,0,0,8,20,0,20,189,2,3,NA,NA,UCLA,2021
6,212,BUF,Damar Hamlin,DB,23,2024,0,0,2,6,6,45,0,0,0,0,0,0,0,0,0,0,0,113,2,1.5,Pittsburgh,2021
6,213,BUF,Rachad Wildgoose,CB,21,2022,0,0,0,2,NA,20,0,0,0,0,0,0,0,0,0,0,0,13,NA,NA,Wisconsin,2021
6,214,GNB,Cole Van Lanen,OL,23,2024,0,0,0,2,0,29,0,0,0,0,0,0,0,0,0,0,0,NA,NA,NA,Wisconsin,2021
6,215,TEN,Brady Breeze,S,23,2022,0,0,0,0,0,11,0,0,0,0,0,0,0,0,0,0,0,5,NA,NA,Oregon,2021
6,216,PIT,Quincy Roche,DL,23,2022,0,0,0,2,NA,17,0,0,0,0,0,0,0,0,0,0,0,23,NA,2.5,Miami (FL),2021
6,217,CHI,Khalil Herbert,RB,23,2024,0,0,1,12,12,50,0,0,0,0,0,372,1791,9,45,291,2,6,NA,NA,Virginia Tech,2021
6,218,IND,Sam Ehlinger,QB,22,2023,0,0,0,2,2,8,64,101,573,3,3,20,96,0,0,0,0,NA,NA,NA,Texas,2021
6,219,DEN,Seth Williams,WR,21,2021,0,0,0,0,0,2,0,0,0,0,0,0,0,0,1,34,0,NA,NA,NA,Auburn,2021
6,220,GNB,Isaiah McDuffie,LB,22,2024,0,0,1,7,7,56,0,0,0,0,0,0,0,0,0,0,0,111,NA,1,Boston Col.,2021
6,221,CHI,Dazz Newsome,WR,22,2021,0,0,0,0,0,3,0,0,0,0,0,0,0,0,2,23,0,1,NA,NA,North Carolina,2021
6,222,CAR,Thomas Fletcher,LS,22,NA,0,0,0,NA,NA,NA,NA,NA,NA,NA,NA,NA,NA,NA,NA,NA,NA,NA,NA,NA,Alabama,2021
6,223,ARI,Tay Gowan,DB,23,2023,0,0,0,0,NA,6,0,0,0,0,0,0,0,0,0,0,0,1,NA,NA,Central Florida,2021
6,224,PHI,JaCoby Stevens,S,23,2021,0,0,0,0,0,2,0,0,0,0,0,0,0,0,0,0,0,1,NA,NA,LSU,2021
6,225,WAS,Camaron Cheeseman,LS,23,2023,0,0,0,3,3,48,0,0,0,0,0,0,0,0,0,0,0,NA,NA,NA,Michigan,2021
6,226,KAN,Trey Smith,OL,22,2024,0,0,4,24,24,60,0,0,0,0,0,0,0,0,0,0,0,1,NA,NA,Tennessee,2021
6,227,DAL,Israel Mukuamu,DB,21,2024,0,0,0,3,3,43,0,0,0,0,0,0,0,0,0,0,0,21,1,NA,South Carolina,2021
6,228,CHI,Thomas Graham,CB,22,2024,0,0,0,0,0,12,0,0,0,0,0,0,0,0,0,0,0,11,NA,NA,Oregon,2021
7,229,IND,Mike Strachan,WR,24,2023,0,0,0,0,0,23,0,0,0,0,0,0,0,0,6,130,0,NA,NA,NA,Charleston (WV),2021
7,230,LVR,Jimmy Morrissey,OL,23,2023,0,0,0,1,NA,14,0,0,0,0,0,0,0,0,0,0,0,NA,NA,NA,Pittsburgh,2021
7,231,MIA,Larnel Coleman,T,23,2022,0,0,0,0,0,1,0,0,0,0,0,0,0,0,0,0,0,NA,NA,NA,Massachusetts,2021
7,232,CAR,Phil Hoskins,DT,24,2023,0,0,0,1,0,13,0,0,0,0,0,0,0,0,0,0,0,6,NA,1,Kentucky,2021
7,233,LAR,Jake Funk,RB,23,2023,0,0,0,0,0,20,0,0,0,0,0,4,15,0,1,12,0,1,NA,NA,Maryland,2021
7,234,PHI,Patrick Johnson,DE,23,2024,0,0,0,4,4,57,0,0,0,0,0,0,0,0,0,0,0,24,NA,NA,Tulane,2021
7,235,CIN,Wyatt Hubert,DE,23,NA,0,0,0,NA,NA,NA,NA,NA,NA,NA,NA,NA,NA,NA,NA,NA,NA,NA,NA,NA,Kansas St.,2021
7,236,BUF,Jack Anderson,OL,22,2023,0,0,0,2,NA,15,0,0,0,0,0,0,0,0,0,0,0,NA,NA,NA,Texas Tech,2021
7,237,DEN,Kary Vincent Jr.,CB,22,2021,0,0,0,0,NA,2,0,0,0,0,0,0,0,0,0,0,0,2,NA,NA,LSU,2021
7,238,DAL,Matt Farniok,G,23,2022,0,0,0,2,2,19,0,0,0,0,0,0,0,0,0,0,0,1,NA,NA,Nebraska,2021
7,239,DEN,Jonathon Cooper,DE,23,2024,0,0,3,16,16,58,0,0,0,0,0,0,0,0,0,0,0,112,1,19.5,Ohio St.,2021
7,240,WAS,William Bradley-King,OLB,23,2022,0,0,0,0,0,4,0,0,0,0,0,0,0,0,0,0,0,1,NA,0.5,Baylor,2021
7,241,LAC,Mark Webb,DB,22,2021,0,0,0,0,0,7,0,0,0,0,0,0,0,0,0,0,0,3,NA,NA,Georgia,2021
7,242,NWE,Tre Nixon,WR,23,NA,0,0,0,NA,NA,NA,NA,NA,NA,NA,NA,NA,NA,NA,NA,NA,NA,NA,NA,NA,Central Florida,2021
7,243,ARI,James Wiggins,S,24,2021,0,0,0,0,0,3,0,0,0,0,0,0,0,0,0,0,0,NA,NA,NA,Cincinnati,2021
7,244,MIA,Gerrid Doaks,RB,23,NA,0,0,0,NA,NA,NA,NA,NA,NA,NA,NA,NA,NA,NA,NA,NA,NA,NA,NA,NA,Cincinnati,2021
7,245,PIT,Tre Norwood,DB,22,2022,0,0,0,3,3,32,0,0,0,0,0,0,0,0,0,0,0,49,1,NA,Oklahoma,2021
7,246,WAS,Shaka Toney,DE,23,2022,0,0,0,2,2,26,0,0,0,0,0,0,0,0,0,0,0,6,NA,1.5,Penn St.,2021
7,247,ARI,Michal Menet,OL,24,NA,0,0,0,NA,NA,NA,NA,NA,NA,NA,NA,NA,NA,NA,NA,NA,NA,NA,NA,NA,Penn St.,2021
7,248,IND,Will Fries,OL,23,2024,0,0,2,10,10,41,0,0,0,0,0,0,0,0,0,0,0,1,NA,NA,Penn St.,2021
7,249,LAR,Ben Skowronek,WR,24,2024,0,0,1,6,6,50,0,0,0,0,0,3,26,1,59,579,1,19,NA,NA,Notre Dame,2021
7,250,CHI,Khyiris Tonga,DL,25,2024,0,0,0,5,2,49,0,0,0,0,0,0,0,0,0,0,0,35,NA,0.5,BYU,2021
7,251,TAM,Chris Wilcox,DB,23,NA,0,0,0,NA,NA,NA,NA,NA,NA,NA,NA,NA,NA,NA,NA,NA,NA,NA,NA,NA,BYU,2021
7,252,LAR,Chris Garrett,DE,23,2021,0,0,0,0,0,1,0,0,0,0,0,0,0,0,0,0,0,NA,NA,NA,Concordia-St.Paul (MN),2021
7,253,DEN,Marquiss Spencer,DE,24,2021,0,0,0,0,0,1,0,0,0,0,0,0,0,0,0,0,0,NA,NA,NA,Mississippi St.,2021
7,254,PIT,Pressley Harvin III,P,22,2023,0,0,2,4,4,47,0,0,0,0,0,0,0,0,0,0,0,1,NA,NA,Georgia Tech,2021
7,255,NOR,Kawaan Baker,WR,23,2021,0,0,0,0,0,2,0,0,0,0,0,0,0,0,0,0,0,1,NA,NA,South Alabama,2021
7,256,GNB,Kylin Hill,RB,23,2022,0,0,0,0,0,10,0,0,0,0,0,11,31,0,1,5,0,1,NA,NA,Mississippi St.,2021
7,257,DET,Jermar Jefferson,RB,21,2021,0,0,0,1,1,7,0,0,0,0,0,15,74,2,4,23,0,NA,NA,NA,Oregon St.,2021
7,258,WAS,Dax Milne,WR,22,2022,0,0,0,1,1,28,0,0,0,0,0,1,1,0,15,120,1,NA,NA,NA,BYU,2021
7,259,TAM,Grant Stuard,LB,22,2024,0,0,0,3,1,60,0,0,0,0,0,0,0,0,0,0,0,40,NA,NA,Houston,2021
1,1,JAX,Travon Walker,DE,21,2024,0,0,3,14,14,43,0,0,0,0,0,0,0,0,0,0,0,71,1,21,Georgia,2022
1,2,DET,Aidan Hutchinson,DE,22,2024,0,1,2,18,18,39,0,0,0,0,0,0,0,0,0,0,0,82,4,28.5,Michigan,2022
1,3,HOU,Derek Stingley Jr.,CB,21,2024,0,0,3,8,8,31,0,0,0,0,0,0,0,0,0,0,0,90,8,1,LSU,2022
1,4,NYJ,Sauce Gardner,CB,22,2024,2,2,3,26,26,44,0,0,0,0,0,0,0,0,0,0,0,118,2,1,Cincinnati,2022
1,5,NYG,Kayvon Thibodeaux,DE,21,2024,0,0,2,16,16,36,0,0,0,0,0,0,0,0,0,0,0,67,NA,17.5,Oregon,2022
1,6,CAR,Ikem Ekwonu,T,21,2024,0,0,3,13,13,42,0,0,0,0,0,0,0,0,0,0,0,NA,NA,NA,North Carolina St.,2022
1,7,NYG,Evan Neal,OL,21,2024,0,0,1,8,8,23,0,0,0,0,0,0,0,0,0,0,0,1,NA,NA,Alabama,2022
1,8,ATL,Drake London,WR,21,2024,0,0,3,16,16,44,1,1,22,0,0,0,0,0,202,2481,12,2,NA,NA,USC,2022
1,9,SEA,Charles Cross,OL,21,2024,0,0,3,16,16,41,0,0,0,0,0,0,0,0,0,0,0,NA,NA,NA,Mississippi St.,2022
1,10,NYJ,Garrett Wilson,WR,22,2024,0,0,3,15,15,45,0,2,0,0,0,9,9,0,247,2867,12,1,NA,NA,Ohio St.,2022
1,11,NOR,Chris Olave,WR,22,2024,0,0,3,18,18,39,0,0,0,0,0,1,7,0,191,2565,10,3,NA,NA,Ohio St.,2022
1,12,DET,Jameson Williams,WR,21,2024,0,0,1,5,5,26,0,0,0,0,0,9,103,1,49,933,7,NA,NA,NA,Alabama,2022
1,13,PHI,Jordan Davis,DT,22,2024,0,0,2,9,9,40,0,0,0,0,0,0,0,0,0,0,0,35,NA,3.5,Georgia,2022
1,14,BAL,Kyle Hamilton,S,21,2024,1,1,2,15,15,42,0,0,0,0,0,0,0,0,0,0,0,168,4,7,Notre Dame,2022
1,15,HOU,Kenyon Green,OL,21,2024,0,0,2,5,5,24,0,0,0,0,0,0,0,0,0,0,0,NA,NA,NA,Texas A&M,2022
1,16,WAS,Jahan Dotson,WR,22,2024,0,0,2,8,8,39,0,0,0,0,0,3,6,0,93,1147,11,2,NA,NA,Penn St.,2022
1,17,LAC,Zion Johnson,G,22,2024,0,0,3,14,14,42,0,0,0,0,0,0,0,0,0,0,0,NA,NA,NA,Boston Col.,2022
1,18,TEN,Treylon Burks,WR,22,2024,0,0,1,6,6,27,0,0,0,0,0,11,66,0,53,699,1,NA,NA,NA,Arkansas,2022
1,19,NOR,Trevor Penning,T,23,2024,0,0,1,4,4,34,0,0,0,0,0,0,0,0,0,0,0,NA,NA,NA,Northern Iowa,2022
1,20,PIT,Kenny Pickett,QB,24,2024,0,0,2,13,13,27,447,716,4479,13,13,98,292,4,0,0,0,2,NA,NA,Pittsburgh,2022
1,21,KAN,Trent McDuffie,CB,21,2024,1,0,3,18,18,37,0,0,0,0,0,0,0,0,0,0,0,111,NA,4,Washington,2022
1,22,GNB,Quay Walker,LB,22,2024,0,0,3,13,13,40,0,0,0,0,0,0,0,0,0,0,0,185,1,5.5,Georgia,2022
1,23,BUF,Kaiir Elam,CB,21,2024,0,0,0,4,4,26,0,0,0,0,0,0,0,0,0,0,0,46,2,NA,Florida,2022
1,24,DAL,Tyler Smith,OL,21,2024,0,1,3,19,19,41,0,0,0,0,0,0,0,0,1,0,0,1,NA,NA,Tulsa,2022
1,25,BAL,Tyler Linderbaum,OL,22,2024,0,1,3,16,16,43,0,0,0,0,0,0,0,0,0,0,0,NA,NA,NA,Iowa,2022
1,26,NYJ,Jermaine Johnson II,LB,23,2024,0,1,1,13,13,33,0,0,0,0,0,0,0,0,0,0,0,58,1,10,Florida St.,2022
1,27,JAX,Devin Lloyd,LB,23,2024,0,0,3,15,15,42,0,0,0,0,0,0,0,0,0,0,0,178,3,1,Utah,2022
1,28,GNB,Devonte Wyatt,DT,24,2024,0,0,0,4,4,40,0,0,0,0,0,0,0,0,0,0,0,35,NA,10,Georgia,2022
1,29,NWE,Cole Strange,OL,24,2023,0,0,2,10,10,27,0,0,0,0,0,0,0,0,0,3,0,1,NA,NA,Chattanooga,2022
1,30,KAN,George Karlaftis III,DE,21,2024,0,0,3,15,15,43,0,0,0,0,0,0,0,0,0,0,0,60,NA,20.5,Purdue,2022
1,31,CIN,Daxton Hill,DB,21,2024,0,0,1,8,8,37,0,0,0,0,0,0,0,0,0,0,0,103,2,2.5,Michigan,2022
1,32,MIN,Lewis Cine,DB,22,2023,0,0,0,0,0,10,0,0,0,0,0,0,0,0,0,0,0,NA,NA,NA,Georgia,2022
2,33,TAM,Logan Hall,DE,22,2024,0,0,1,8,8,42,0,0,0,0,0,0,0,0,0,0,0,26,NA,6,Houston,2022
2,34,GNB,Christian Watson,WR,23,2024,0,0,3,11,11,32,0,0,0,0,0,12,87,2,89,1416,14,NA,NA,NA,North Dakota St.,2022
2,35,TEN,Roger McCreary,CB,22,2024,0,0,2,10,10,42,0,0,0,0,0,0,0,0,0,0,0,157,2,3,Auburn,2022
2,36,NYJ,Breece Hall,RB,21,2024,0,0,2,12,12,35,0,0,0,0,0,455,2089,13,141,1210,7,1,NA,NA,Iowa St.,2022
2,37,HOU,Jalen Pitre,S,23,2024,0,0,3,13,13,43,0,0,0,0,0,0,0,0,0,0,0,200,6,1,Baylor,2022
2,38,ATL,Arnold Ebiketie,DE,23,2024,0,0,0,6,6,44,0,0,0,0,0,0,0,0,0,0,0,53,NA,9.5,Penn St.,2022
2,39,CHI,Kyler Gordon,CB,22,2024,0,0,2,7,7,35,0,0,0,0,0,0,0,0,0,0,0,126,5,1.5,Washington,2022
2,40,SEA,Boye Mafe,DE,23,2024,0,0,1,8,8,41,0,0,0,0,0,0,0,0,0,0,0,78,NA,16,Minnesota,2022
2,41,SEA,Kenneth Walker III,RB,21,2024,0,0,3,16,16,38,0,0,0,0,0,560,2407,24,88,646,2,1,NA,NA,Michigan St.,2022
2,42,MIN,Andrew Booth,CB,21,2024,0,0,0,2,2,26,0,0,0,0,0,0,0,0,0,0,0,24,NA,NA,Clemson,2022
2,43,NYG,Wan'Dale Robinson,WR,21,2024,0,0,0,6,6,31,0,0,0,0,0,13,104,1,139,1146,4,NA,NA,NA,Kentucky,2022
2,44,HOU,John Metchie,WR,22,2024,0,0,0,1,1,24,0,0,0,0,0,1,4,0,28,301,1,1,NA,NA,Alabama,2022
2,45,BAL,David Ojabo,LB,22,2024,0,0,0,1,1,13,0,0,0,0,0,0,0,0,0,0,0,9,NA,3,Michigan,2022
2,46,DET,Josh Paschal,DE,22,2024,0,0,0,4,4,30,0,0,0,0,0,0,0,0,0,0,0,39,NA,5,Kentucky,2022
2,47,WAS,Phidarian Mathis,DT,24,2024,0,0,0,1,1,22,0,0,0,0,0,0,0,0,0,0,0,10,NA,NA,Alabama,2022
2,48,CHI,Jaquan Brisker,S,23,2024,0,0,2,9,9,35,0,0,0,0,0,0,0,0,0,0,0,162,3,6,Penn St.,2022
2,49,NOR,Alontae Taylor,DB,23,2024,0,0,3,9,9,41,0,0,0,0,0,0,0,0,0,0,0,142,2,5,Tennessee,2022
2,50,NWE,Tyquan Thornton,WR,21,2024,0,0,1,3,3,28,0,0,0,0,0,6,67,1,39,385,2,2,NA,NA,Baylor,2022
2,51,PHI,Cam Jurgens,OL,23,2024,0,0,2,5,5,38,0,0,0,0,0,0,0,0,0,0,0,NA,NA,NA,Nebraska,2022
2,52,PIT,George Pickens,WR,21,2024,0,0,3,17,17,45,0,0,0,0,0,8,36,1,167,2717,11,1,NA,NA,Georgia,2022
2,53,IND,Alec Pierce,WR,22,2024,0,0,3,9,9,44,0,0,0,0,0,0,0,0,99,1697,8,NA,NA,NA,Cincinnati,2022
2,54,KAN,Skyy Moore,WR,21,2024,0,0,0,4,4,36,0,0,0,0,0,6,47,0,43,494,1,1,NA,NA,Western Michigan,2022
2,55,ARI,Trey McBride,TE,22,2024,0,0,3,10,10,42,0,0,0,0,0,1,2,1,159,1642,4,7,NA,NA,Colorado St.,2022
2,56,DAL,Sam Williams,DE,23,2023,0,0,0,4,4,32,0,0,0,0,0,0,0,0,0,0,0,30,NA,8.5,Mississippi,2022
2,57,TAM,Luke Goedeke,OL,23,2024,0,0,2,11,11,34,0,0,0,0,0,0,0,0,0,0,0,1,NA,NA,Central Michigan,2022
2,58,ATL,Troy Andersen,LB,23,2024,0,0,0,4,4,24,0,0,0,0,0,0,0,0,0,0,0,73,1,0.5,Montana St.,2022
2,59,MIN,Ed Ingram,G,23,2024,0,0,3,13,13,42,0,0,0,0,0,0,0,0,0,0,0,1,NA,NA,LSU,2022
2,60,CIN,Cam Taylor-Britt,CB,22,2024,0,0,3,9,9,33,0,0,0,0,0,0,0,0,0,0,0,117,5,0.5,Nebraska,2022
2,61,SFO,Drake Jackson,OLB,21,2023,0,0,0,3,3,23,0,0,0,0,0,0,0,0,0,0,0,12,1,6,USC,2022
2,62,KAN,Bryan Cook,S,23,2024,0,0,2,6,6,38,0,0,0,0,0,0,0,0,0,0,0,84,2,1,Cincinnati,2022
2,63,BUF,James Cook,RB,22,2024,0,1,2,18,18,43,0,0,0,0,0,463,2225,14,90,807,6,1,NA,NA,Georgia,2022
2,64,DEN,Nik Bonitto,OLB,22,2024,0,0,1,5,5,41,0,0,0,0,0,0,0,0,0,0,0,50,NA,18.5,Oklahoma,2022
3,65,JAX,Luke Fortner,G,24,2024,0,0,2,16,16,45,0,0,0,0,0,0,0,0,0,0,0,NA,NA,NA,Kentucky,2022
3,66,MIN,Brian Asamoah,LB,22,2024,0,0,0,2,2,39,0,0,0,0,0,0,0,0,0,0,0,13,NA,NA,Oklahoma,2022
3,67,NYG,Joshua Ezeudu,OL,22,2024,0,0,0,3,3,26,0,0,0,0,0,0,0,0,0,0,0,NA,NA,NA,North Carolina,2022
3,68,CLE,Martin Emerson,CB,21,2024,0,0,2,8,8,44,0,0,0,0,0,0,0,0,0,0,0,140,4,1,Mississippi St.,2022
3,69,TEN,Nicholas Petit-Frere,T,22,2024,0,0,1,7,7,28,0,0,0,0,0,0,0,0,0,0,0,1,NA,NA,Ohio St.,2022
3,70,JAX,Chad Muma,LB,23,2024,0,0,0,4,4,44,0,0,0,0,0,0,0,0,0,0,0,48,NA,1.5,Wyoming,2022
3,71,CHI,Velus Jones Jr.,WR,25,2024,0,0,0,3,3,27,0,0,0,0,0,19,165,1,12,135,1,1,NA,NA,Tennessee,2022
3,72,SEA,Abraham Lucas,OL,23,2024,0,0,1,12,12,23,0,0,0,0,0,0,0,0,0,0,0,1,NA,NA,Washington St.,2022
3,73,IND,Jelani Woods,TE,23,2022,0,0,0,2,2,15,0,0,0,0,0,0,0,0,25,312,3,1,NA,NA,Virginia,2022
3,74,ATL,Desmond Ridder,QB,23,2024,0,0,1,12,12,21,333,519,3618,15,12,70,259,5,1,-6,0,NA,NA,NA,Cincinnati,2022
3,75,HOU,Christian Harris,LB,21,2023,0,0,2,12,12,28,0,0,0,0,0,0,0,0,0,0,0,111,1,3,Alabama,2022
3,76,BAL,Travis Jones,DT,22,2024,0,0,1,3,3,43,0,0,0,0,0,0,0,0,0,0,0,49,NA,3.5,Connecticut,2022
3,77,IND,Bernhard Raimann,OL,24,2024,0,0,3,12,12,40,0,0,0,0,0,0,0,0,0,0,0,NA,NA,NA,Central Michigan,2022
3,78,CLE,Alex Wright,DE,22,2024,0,0,0,6,6,37,0,0,0,0,0,0,0,0,0,0,0,34,NA,6,Ala-Birmingham,2022
3,79,LAC,JT Woods,S,22,2023,0,0,0,1,1,13,0,0,0,0,0,0,0,0,0,0,0,7,NA,NA,Baylor,2022
3,80,DEN,Greg Dulcich,TE,22,2024,0,0,0,3,3,16,0,0,0,0,0,0,0,0,41,464,2,NA,NA,NA,UCLA,2022
3,81,NYG,Cordale Flott,CB,21,2024,0,0,1,5,5,34,0,0,0,0,0,0,0,0,0,0,0,66,1,NA,LSU,2022
3,82,ATL,DeAngelo Malone,DE,23,2024,0,0,0,2,2,43,0,0,0,0,0,0,0,0,0,0,0,28,NA,1,Western Kentucky,2022
3,83,PHI,Nakobe Dean,LB,21,2024,0,0,1,2,2,32,0,0,0,0,0,0,0,0,0,0,0,79,1,2.5,Georgia,2022
3,84,PIT,DeMarvin Leal,DT,22,2024,0,0,0,4,4,28,0,0,0,0,0,0,0,0,0,0,0,20,NA,1,Texas A&M,2022
3,85,NWE,Marcus Jones,CB,23,2024,1,0,1,11,11,28,0,0,0,0,0,1,5,0,4,78,1,72,3,NA,Houston,2022
3,86,TEN,Malik Willis,QB,23,2024,0,0,0,1,1,15,64,105,730,3,3,48,281,2,0,0,0,1,NA,NA,Liberty,2022
3,87,ARI,Cameron Thomas,DE,22,2024,0,0,0,3,3,36,0,0,0,0,0,0,0,0,0,0,0,20,NA,3,San Diego St.,2022
3,88,DAL,Jalen Tolbert,WR,23,2024,0,0,1,3,3,35,0,0,0,0,0,0,0,0,59,668,5,4,NA,NA,South Alabama,2022
3,89,BUF,Terrel Bernard,LB,23,2024,0,0,2,13,13,41,0,0,0,0,0,0,0,0,0,0,0,131,5,7.5,Baylor,2022
3,90,LVR,Dylan Parham,OL,23,2024,0,0,3,13,13,42,0,0,0,0,0,0,0,0,0,0,0,1,NA,NA,Memphis,2022
3,91,TAM,Rachaad White,RB,23,2024,0,0,2,14,14,43,0,0,0,0,0,481,1777,8,151,1130,9,4,NA,NA,Arizona St.,2022
3,92,GNB,Sean Rhyan,OL,21,2024,0,0,1,1,1,23,0,0,0,0,0,0,0,0,0,0,0,NA,NA,NA,UCLA,2022
3,93,SFO,Tyrion Davis-Price,RB,21,2023,0,0,0,1,1,7,0,0,0,0,0,40,120,0,0,0,0,NA,NA,NA,LSU,2022
3,94,CAR,Matt Corral,QB,23,NA,0,0,0,NA,NA,NA,NA,NA,NA,NA,NA,NA,NA,NA,NA,NA,NA,NA,NA,NA,Mississippi,2022
3,95,CIN,Zachary Carter,DE,23,2024,0,0,1,8,8,38,0,0,0,0,0,0,0,0,0,0,0,22,NA,1,Florida,2022
3,96,IND,Nick Cross,DB,20,2024,0,0,1,4,4,44,0,0,0,0,0,0,0,0,0,0,0,98,3,NA,Maryland,2022
3,97,DET,Kerby Joseph,DB,21,2024,0,0,3,10,10,42,0,0,0,0,0,0,0,0,0,0,0,156,15,NA,Illinois,2022
3,98,WAS,Brian Robinson Jr.,RB,23,2024,0,0,3,10,10,35,0,0,0,0,0,500,2054,14,55,516,5,1,NA,NA,Alabama,2022
3,99,CLE,David Bell,WR,21,2024,0,0,0,3,3,32,0,0,0,0,0,0,0,0,41,408,3,1,NA,NA,Purdue,2022
3,100,ARI,Myjai Sanders,DE,24,2023,0,0,0,3,2,20,0,0,0,0,0,0,0,0,0,0,0,21,NA,3,Cincinnati,2022
3,101,NYJ,Jeremy Ruckert,TE,22,2024,0,0,1,1,1,35,0,0,0,0,0,0,0,0,30,232,0,2,NA,NA,Ohio St.,2022
3,102,MIA,Channing Tindall,LB,22,2024,0,0,0,2,2,38,0,0,0,0,0,0,0,0,0,0,0,6,NA,NA,Georgia,2022
3,103,KAN,Leo Chenal,LB,21,2024,0,0,2,9,9,44,0,0,0,0,0,0,0,0,0,0,0,85,NA,5,Wisconsin,2022
3,104,LAR,Logan Bruss,OL,22,2024,0,0,0,0,0,9,0,0,0,0,0,0,0,0,0,0,0,NA,NA,NA,Wisconsin,2022
3,105,SFO,Danny Gray,WR,23,2022,0,0,0,0,0,13,0,0,0,0,0,1,9,0,1,10,0,NA,NA,NA,SMU,2022
4,106,TAM,Cade Otton,TE,23,2024,0,0,3,7,7,43,0,0,0,0,0,1,-4,0,138,1302,10,5,NA,NA,Washington,2022
4,107,HOU,Dameon Pierce,RB,22,2024,0,0,1,10,10,32,0,0,0,0,0,380,1455,7,44,267,1,1,NA,NA,Florida,2022
4,108,CLE,Perrion Winfrey,DT,22,2023,0,0,0,1,1,14,0,0,0,0,0,0,0,0,0,0,0,9,NA,0.5,Oklahoma,2022
4,109,SEA,Coby Bryant,CB,23,2024,0,0,0,3,3,36,0,0,0,0,0,0,0,0,0,0,0,88,1,2,Cincinnati,2022
4,110,BAL,Daniel Faalele,T,22,2024,0,0,1,3,3,43,0,0,0,0,0,0,0,0,0,0,0,NA,NA,NA,Minnesota,2022
4,111,NYJ,Max Mitchell,T,22,2024,0,0,0,4,4,25,0,0,0,0,0,0,0,0,0,0,0,NA,NA,NA,Louisiana,2022
4,112,NYG,Daniel Bellinger,TE,21,2024,0,0,2,5,5,39,0,0,0,0,0,1,2,1,58,554,2,1,NA,NA,San Diego St.,2022
4,113,WAS,Percy Butler,S,22,2024,0,0,1,4,4,41,0,0,0,0,0,0,0,0,0,0,0,64,NA,NA,Louisiana,2022
4,114,NYG,Dane Belton,DB,21,2024,0,0,0,5,5,42,0,0,0,0,0,0,0,0,0,0,0,56,4,1,Iowa,2022
4,115,DEN,Damarri Mathis,DB,23,2024,0,0,1,6,6,37,0,0,0,0,0,0,0,0,0,0,0,80,NA,NA,Pittsburgh,2022
4,116,DEN,Eyioma Uwazurike,DE,24,2024,0,0,0,1,1,10,0,0,0,0,0,0,0,0,0,0,0,12,NA,NA,Iowa St.,2022
4,117,NYJ,Micheal Clemons,DT,25,2024,0,0,1,3,3,43,0,0,0,0,0,0,0,0,0,0,0,49,NA,7.5,Texas A&M,2022
4,118,MIN,Akayleb Evans,DB,23,2024,0,0,1,6,6,32,0,0,0,0,0,0,0,0,0,0,0,69,1,NA,Missouri,2022
4,119,BAL,Jalyn Armour-Davis,DB,23,2024,0,0,0,1,1,17,0,0,0,0,0,0,0,0,0,0,0,11,NA,NA,Alabama,2022
4,120,CAR,Brandon Smith,LB,21,2023,0,0,0,1,1,14,0,0,0,0,0,0,0,0,0,0,0,6,NA,NA,Penn St.,2022
4,121,NWE,Jack Jones,DB,24,2024,0,0,1,4,2,35,0,0,0,0,0,0,0,0,0,0,0,85,5,NA,Arizona St.,2022
4,122,LVR,Zamir White,RB,22,2024,0,0,0,4,4,39,0,0,0,0,0,186,704,2,21,128,0,1,NA,NA,Georgia,2022
4,123,LAC,Isaiah Spiller,RB,21,2023,0,0,0,1,1,15,0,0,0,0,0,55,137,0,9,47,0,NA,NA,NA,Texas A&M,2022
4,124,CLE,Cade York,K,21,2024,0,0,1,1,1,18,0,0,0,0,0,0,0,0,0,0,0,1,NA,NA,LSU,2022
4,125,MIA,Erik Ezukanma,WR,22,2024,0,0,0,0,0,4,0,0,0,0,0,5,22,0,1,3,0,NA,NA,NA,Texas Tech,2022
4,126,LVR,Neil Farrell,DT,23,2024,0,0,0,1,1,16,0,0,0,0,0,0,0,0,0,0,0,5,NA,NA,LSU,2022
4,127,NWE,Pierre Strong,RB,23,2024,0,0,0,3,1,41,0,0,0,0,0,92,460,2,19,166,0,13,NA,NA,South Dakota St.,2022
4,128,BAL,Charlie Kolar,TE,23,2024,0,0,0,1,1,28,0,0,0,0,0,1,2,0,19,261,2,5,NA,NA,Iowa St.,2022
4,129,DAL,Jake Ferguson,TE,23,2024,0,1,2,11,11,42,0,0,0,0,0,0,0,0,133,1304,7,1,NA,NA,Wisconsin,2022
4,130,BAL,Jordan Stout,P,24,2024,0,0,2,4,4,45,0,0,0,0,0,0,0,0,0,0,0,2,NA,NA,Penn St.,2022
4,131,TEN,Hassan Haskins,RB,22,2024,0,0,0,1,1,25,0,0,0,0,0,37,116,1,11,57,0,10,NA,NA,Michigan,2022
4,132,GNB,Romeo Doubs,WR,22,2024,0,0,2,11,11,39,0,0,0,0,0,1,11,0,132,1528,13,NA,NA,NA,Nevada,2022
4,133,TAM,Jake Camarda,P,23,2024,0,0,2,7,7,38,0,0,0,0,0,0,0,0,0,0,0,6,NA,NA,Georgia,2022
4,134,SFO,Spencer Burford,OL,22,2024,0,0,2,13,13,40,0,0,0,0,0,0,0,0,0,0,0,1,NA,NA,Texas-San Antonio,2022
4,135,KAN,Joshua Williams,CB,22,2024,0,0,0,3,3,43,0,0,0,0,0,0,0,0,0,0,0,49,1,NA,Fayetteville St.,2022
4,136,CIN,Cordell Volson,T,24,2024,0,0,3,16,16,44,0,0,0,0,0,0,0,0,0,0,0,NA,NA,NA,North Dakota St.,2022
4,137,NWE,Bailey Zappe,QB,23,2023,0,0,0,2,2,14,192,304,2053,11,12,27,83,1,1,-6,0,NA,NA,NA,Western Kentucky,2022
4,138,PIT,Calvin Austin III,WR,23,2024,0,0,0,2,2,28,0,0,0,0,0,11,57,1,37,534,4,NA,NA,NA,Memphis,2022
4,139,BAL,Isaiah Likely,TE,22,2024,0,0,1,8,8,43,0,0,0,0,0,0,0,0,94,1130,11,4,NA,NA,Coastal Carolina,2022
4,140,GNB,Zach Tom,OL,23,2024,0,0,2,12,12,36,0,0,0,0,0,0,0,0,0,0,0,1,NA,NA,Wake Forest,2022
4,141,BAL,Damarion Williams,CB,24,2023,0,0,0,1,1,15,0,0,0,0,0,0,0,0,0,0,0,15,NA,NA,Houston,2022
4,142,LAR,Cobie Durant,DB,24,2024,0,0,2,5,5,39,0,0,0,0,0,0,0,0,0,0,0,56,4,2,South Carolina St.,2022
4,143,TEN,Chigoziem Okonkwo,TE,22,2024,0,0,1,9,9,44,0,0,0,0,0,5,8,0,109,1170,5,7,NA,NA,Maryland,2022
5,144,WAS,Sam Howell,QB,21,2024,0,0,1,12,12,19,399,631,4115,22,22,53,298,6,1,4,0,NA,NA,NA,North Carolina,2022
5,145,KAN,Darian Kinnard,T,22,2024,0,0,0,0,0,2,0,0,0,0,0,0,0,0,0,0,0,NA,NA,NA,Kentucky,2022
5,146,NYG,Micah McFadden,LB,22,2024,0,0,2,12,12,42,0,0,0,0,0,0,0,0,0,0,0,134,1,5,Indiana,2022
5,147,NYG,D.J. Davidson,DT,22,2024,0,0,0,2,2,30,0,0,0,0,0,0,0,0,0,0,0,17,NA,2.5,Arizona St.,2022
5,148,BUF,Khalil Shakir,WR,22,2024,0,0,2,8,8,41,0,0,0,0,0,3,14,0,105,1371,5,1,NA,NA,Boise St.,2022
5,149,WAS,Cole Turner,TE,22,2023,0,0,0,1,1,22,0,0,0,0,0,0,0,0,13,143,0,1,NA,NA,Nevada,2022
5,150,HOU,Thomas Booker,DE,22,2024,0,0,0,1,1,20,0,0,0,0,0,0,0,0,0,0,0,17,NA,1,Stanford,2022
5,151,ATL,Tyler Allgeier,RB,22,2024,0,0,0,13,13,44,0,0,0,0,0,481,2147,9,43,388,2,4,NA,NA,BYU,2022
5,152,DEN,Delarrin Turner-Yell,S,22,2023,0,0,0,2,2,30,0,0,0,0,0,0,0,0,0,0,0,32,NA,NA,Oklahoma,2022
5,153,SEA,Riq Woolen,CB,23,2024,0,1,3,14,14,41,0,0,0,0,0,0,0,0,0,0,0,103,10,NA,Texas-San Antonio,2022
5,154,JAX,Snoop Conner,RB,22,2022,0,0,0,0,0,8,0,0,0,0,0,12,42,1,0,0,0,1,NA,NA,Mississippi,2022
5,155,DAL,Matt Waletzko,OL,22,2024,0,0,0,0,0,5,0,0,0,0,0,0,0,0,0,0,0,NA,NA,NA,North Dakota,2022
5,156,CLE,Jerome Ford,RB,22,2024,0,0,1,6,6,39,0,0,0,0,0,273,1123,5,70,445,5,1,NA,NA,Cincinnati,2022
5,157,TAM,Zyon McCollum,DB,23,2024,0,0,2,6,6,40,0,0,0,0,0,0,0,0,0,0,0,97,2,NA,Sam Houston St.,2022
5,158,SEA,Tyreke Smith,DE,22,2023,0,0,0,0,0,3,0,0,0,0,0,0,0,0,0,0,0,NA,NA,NA,Ohio St.,2022
5,159,IND,Eric Johnson,DT,24,2024,0,0,0,2,2,33,0,0,0,0,0,0,0,0,0,0,0,8,NA,1,Missouri State,2022
5,160,LAC,Otito Ogbonnia,DT,20,2024,0,0,1,2,2,25,0,0,0,0,0,0,0,0,0,0,0,31,NA,NA,UCLA,2022
5,161,NOR,D'Marco Jackson,LB,24,2024,0,0,0,2,2,25,0,0,0,0,0,0,0,0,0,0,0,11,NA,NA,Appalachian St.,2022
5,162,DEN,Montrell Washington,WR,23,2024,0,0,0,0,0,22,0,0,0,0,0,5,30,0,4,2,0,NA,NA,NA,Samford,2022
5,163,TEN,Kyle Philips,WR,23,2023,0,0,0,3,3,13,0,0,0,0,0,0,0,0,23,259,0,NA,NA,NA,UCLA,2022
5,164,LAR,Kyren Williams,RB,22,2024,0,1,2,12,12,32,0,0,0,0,0,454,2033,20,66,418,5,2,NA,NA,Notre Dame,2022
5,165,MIN,Esezi Otomewo,DT,23,2024,0,0,0,0,0,9,0,0,0,0,0,0,0,0,0,0,0,3,NA,0.5,Minnesota,2022
5,166,CIN,Tycen Anderson,S,23,2024,0,0,0,0,0,18,0,0,0,0,0,0,0,0,0,0,0,14,NA,NA,Toledo,2022
5,167,DAL,DaRon Bland,DB,23,2023,1,1,1,17,17,34,0,0,0,0,0,0,0,0,0,0,0,91,14,NA,Fresno St.,2022
5,168,CHI,Braxton Jones,OL,23,2024,0,0,3,13,13,36,0,0,0,0,0,0,0,0,0,0,0,1,NA,NA,Southern Utah,2022
5,169,MIN,Ty Chandler,RB,24,2024,0,0,0,4,4,30,0,0,0,0,0,156,650,3,27,201,0,1,NA,NA,North Carolina,2022
5,170,HOU,Teagan Quitoriano,TE,22,2024,0,0,0,1,1,22,0,0,0,0,0,0,0,0,9,146,2,2,NA,NA,Oregon St.,2022
5,171,DEN,Luke Wattenberg,OL,24,2024,0,0,1,2,2,30,0,0,0,0,0,0,0,0,0,0,0,NA,NA,NA,Washington,2022
5,172,SFO,Samuel Womack,CB,23,2024,0,0,0,2,2,34,0,0,0,0,0,0,0,0,0,0,0,32,1,NA,Toledo,2022
5,173,NYG,Marcus McKethan,OL,23,2023,0,0,0,2,2,16,0,0,0,0,0,0,0,0,0,0,0,NA,NA,NA,North Carolina,2022
5,174,CHI,Dominique Robinson,DE,24,2024,0,0,0,4,4,30,0,0,0,0,0,0,0,0,0,0,0,25,NA,2,Miami (OH),2022
5,175,LVR,Matthew Butler,DT,23,2024,0,0,0,0,0,13,0,0,0,0,0,0,0,0,0,0,0,5,NA,0.5,Tennessee,2022
5,176,DAL,Damone Clark,LB,22,2024,0,0,1,11,11,36,0,0,0,0,0,0,0,0,0,0,0,115,NA,0.5,LSU,2022
5,177,DET,James Mitchell,TE,23,2024,0,0,0,1,1,30,0,0,0,0,0,0,0,0,13,141,1,NA,NA,NA,Virginia Tech,2022
5,178,DAL,John Ridgeway,DT,23,2024,0,0,0,5,NA,40,0,0,0,0,0,0,0,0,0,0,0,30,NA,NA,Arkansas,2022
5,179,GNB,Kingsley Enagbare,DE,22,2024,0,0,0,7,7,44,0,0,0,0,0,0,0,0,0,0,0,53,NA,6.5,South Carolina,2022
6,180,BUF,Matt Araiza,P,22,2024,0,0,0,0,NA,10,0,0,0,0,0,0,0,0,0,0,0,NA,NA,NA,San Diego St.,2022
6,181,PHI,Kyron Johnson,DE,24,2023,0,0,0,1,1,22,0,0,0,0,0,0,0,0,0,0,0,6,NA,NA,Kansas,2022
6,182,NYG,Darrian Beavers,LB,23,2023,0,0,0,0,0,2,0,0,0,0,0,0,0,0,0,0,0,NA,NA,NA,Cincinnati,2022
6,183,NWE,Kevin Harris,RB,21,2023,0,0,0,1,1,9,0,0,0,0,0,34,117,2,3,58,0,NA,NA,NA,South Carolina,2022
6,184,MIN,Vederian Lowe,OL,23,2024,0,0,1,3,0,23,0,0,0,0,0,0,0,0,1,4,1,NA,NA,NA,Illinois,2022
6,185,BUF,Christian Benford,DB,21,2024,0,0,2,7,7,34,0,0,0,0,0,0,0,0,0,0,0,95,4,NA,Villanova,2022
6,186,CHI,Zachary Thomas,OL,24,2024,0,0,0,0,NA,12,0,0,0,0,0,0,0,0,0,0,0,NA,NA,NA,San Diego St.,2022
6,187,SFO,Nick Zakelj,OL,23,2024,0,0,0,0,0,19,0,0,0,0,0,0,0,0,0,0,0,NA,NA,NA,Fordham,2022
6,188,DET,Malcolm Rodriguez,LB,23,2024,0,0,1,8,8,41,0,0,0,0,0,0,0,0,1,6,0,93,NA,3,Oklahoma St.,2022
6,189,CAR,Amare Barno,DE,23,2023,0,0,0,2,2,24,0,0,0,0,0,0,0,0,0,0,0,21,NA,2,Virginia Tech,2022
6,190,ATL,Justin Shaffer,OL,24,NA,0,0,0,NA,NA,NA,NA,NA,NA,NA,NA,NA,NA,NA,NA,NA,NA,NA,NA,NA,Georgia,2022
6,191,MIN,Jalen Nailor,WR,23,2024,0,0,0,1,1,31,0,0,0,0,0,3,-4,0,28,455,5,4,NA,NA,Michigan St.,2022
6,192,IND,Andrew Ogletree,TE,24,2024,0,0,1,1,1,23,0,0,0,0,0,0,0,0,16,213,3,3,NA,NA,Youngstown St.,2022
6,193,DAL,Devin Harper,LB,24,2023,0,0,0,0,0,12,0,0,0,0,0,0,0,0,0,0,0,4,NA,NA,Oklahoma St.,2022
6,194,NOR,Jordan Jackson,DT,24,2024,0,0,0,0,NA,11,0,0,0,0,0,0,0,0,0,0,0,2,NA,NA,Air Force,2022
6,195,LAC,Jamaree Salyer,OL,22,2024,0,0,2,14,14,44,0,0,0,0,0,0,0,0,0,0,0,NA,NA,NA,Georgia,2022
6,196,BAL,Tyler Badie,RB,22,2024,0,0,0,0,NA,4,0,0,0,0,0,12,86,0,4,22,1,NA,NA,NA,Missouri,2022
6,197,JAX,Gregory Junior,CB,23,2023,0,0,0,1,1,10,0,0,0,0,0,0,0,0,0,0,0,11,NA,NA,Ouachita Baptist,2022
6,198,PHI,Grant Calcaterra,TE,23,2024,0,0,1,1,1,40,0,0,0,0,0,0,0,0,26,336,0,NA,NA,NA,SMU,2022
6,199,CAR,Cade Mays,OL,23,2024,0,0,0,3,3,32,0,0,0,0,0,0,0,0,0,0,0,NA,NA,NA,Tennessee,2022
6,200,NWE,Sam Roberts,DE,24,2023,0,0,0,1,1,12,0,0,0,0,0,0,0,0,0,0,0,3,NA,NA,NW Missouri St.,2022
6,201,ARI,Keaontay Ingram,RB,22,2024,0,0,0,2,2,21,0,0,0,0,0,62,134,1,8,47,0,1,NA,NA,USC,2022
6,202,CLE,Michael Woods II,WR,22,2022,0,0,0,0,0,10,0,0,0,0,0,1,-5,0,5,45,0,1,NA,NA,Oklahoma,2022
6,203,CHI,Trestan Ebner,RB,23,2022,0,0,0,0,0,17,0,0,0,0,0,24,54,0,2,8,0,3,NA,NA,Baylor,2022
6,204,TEN,Theo Jackson,DB,23,2024,0,0,0,2,NA,36,0,0,0,0,0,0,0,0,0,0,0,23,1,NA,Tennessee,2022
6,205,HOU,Austin Deculus,T,23,2023,0,0,0,1,1,12,0,0,0,0,0,0,0,0,0,0,0,NA,NA,NA,LSU,2022
6,206,DEN,Matt Henningsen,DE,23,2023,0,0,0,2,2,34,0,0,0,0,0,0,0,0,0,0,0,18,NA,1,Wisconsin,2022
6,207,CHI,Doug Kramer,OL,24,2024,0,0,0,0,0,12,0,0,0,0,0,0,0,0,0,0,0,NA,NA,NA,Illinois,2022
6,208,PIT,Connor Heyward,TE,23,2024,0,0,0,2,2,45,0,1,0,0,0,3,27,0,39,347,2,8,NA,NA,Michigan St.,2022
6,209,BUF,Luke Tenuta,OL,23,2022,0,0,0,0,NA,3,0,0,0,0,0,0,0,0,0,0,0,NA,NA,NA,Virginia Tech,2022
6,210,NWE,Chasen Hines,G,22,NA,0,0,0,NA,NA,NA,NA,NA,NA,NA,NA,NA,NA,NA,NA,NA,NA,NA,NA,NA,LSU,2022
6,211,LAR,Quentin Lake,DB,23,2024,0,0,1,2,2,33,0,0,0,0,0,0,0,0,0,0,0,102,NA,3,UCLA,2022
6,212,LAR,Derion Kendrick,DB,22,2023,0,0,1,6,6,32,0,0,0,0,0,0,0,0,0,0,0,77,1,NA,Georgia,2022
6,213,ATL,John FitzPatrick,TE,22,2024,0,0,0,0,0,12,0,0,0,0,0,0,0,0,1,12,0,3,NA,NA,Georgia,2022
6,214,LAC,Ja'Sir Taylor,DB,23,2024,0,0,0,5,5,41,0,0,0,0,0,0,0,0,0,0,0,48,1,NA,Wake Forest,2022
6,215,ARI,Lecitus Smith,OL,24,2024,0,0,0,1,1,13,0,0,0,0,0,0,0,0,0,0,0,NA,NA,NA,Virginia Tech,2022
6,216,IND,Curtis Brooks,DT,24,NA,0,0,0,NA,NA,NA,NA,NA,NA,NA,NA,NA,NA,NA,NA,NA,NA,NA,NA,NA,Cincinnati,2022
6,217,DET,James Houston,LB,23,2024,0,0,0,2,2,16,0,0,0,0,0,0,0,0,0,0,0,17,NA,9,Jackson St.,2022
6,218,TAM,Ko Kieft,TE,24,2024,0,0,1,1,1,43,0,0,0,0,0,0,0,0,8,82,2,13,NA,NA,Minnesota,2022
6,219,TEN,Chance Campbell,LB,22,2023,0,0,0,0,0,4,0,0,0,0,0,0,0,0,0,0,0,1,NA,NA,Mississippi,2022
6,220,SFO,Kalia Davis,DT,23,2024,0,0,0,0,0,9,0,0,0,0,0,0,0,0,0,0,0,4,1,1,Central Florida,2022
6,221,SFO,Tariq Castro-Fields,CB,23,2024,0,0,0,1,NA,12,0,0,0,0,0,0,0,0,0,0,0,3,NA,NA,Penn St.,2022
7,222,JAX,Montaric Brown,DB,23,2024,0,0,0,3,3,31,0,0,0,0,0,0,0,0,0,0,0,69,1,NA,Arkansas,2022
7,223,CLE,Isaiah Thomas,DE,23,2024,0,0,0,1,1,12,0,0,0,0,0,0,0,0,0,0,0,4,NA,1,Oklahoma,2022
7,224,MIA,Cameron Goode,OLB,24,2023,0,0,0,1,1,17,0,0,0,0,0,0,0,0,0,0,0,3,NA,NA,California,2022
7,225,PIT,Mark Robinson,LB,23,2024,0,0,0,3,3,32,0,0,0,0,0,0,0,0,0,0,0,27,NA,1,Mississippi,2022
7,226,CHI,Ja'Tyre Carter,OL,23,2023,0,0,0,2,2,13,0,0,0,0,0,0,0,0,0,0,0,NA,NA,NA,Southern,2022
7,227,MIN,Nick Muse,TE,23,2024,0,0,0,0,0,14,0,0,0,0,0,0,0,0,1,22,0,NA,NA,NA,South Carolina,2022
7,228,GNB,Tariq Carpenter,DB,23,2023,0,0,0,1,1,17,0,0,0,0,0,0,0,0,0,0,0,7,NA,NA,Georgia Tech,2022
7,229,SEA,Bo Melton,WR,23,2024,0,0,0,2,NA,15,0,0,0,0,0,8,55,0,21,291,1,2,NA,NA,Rutgers,2022
7,230,WAS,Chris Paul,OL,23,2024,0,0,0,3,3,14,0,0,0,0,0,0,0,0,0,0,0,NA,NA,NA,Tulsa,2022
7,231,BUF,Baylon Spector,LB,23,2024,0,0,0,2,2,24,0,0,0,0,0,0,0,0,0,0,0,29,NA,1,Clemson,2022
7,232,DEN,Faion Hicks,CB,24,2024,0,0,0,0,0,4,0,0,0,0,0,0,0,0,0,0,0,1,NA,NA,Wisconsin,2022
7,233,SEA,Dareke Young,WR,23,2024,0,0,0,0,0,27,0,0,0,0,0,0,0,0,2,24,0,8,NA,NA,Lenoir-Rhyne,2022
7,234,GNB,Jonathan Ford,DT,22,NA,0,0,0,NA,NA,NA,NA,NA,NA,NA,NA,NA,NA,NA,NA,NA,NA,NA,NA,NA,Miami (FL),2022
7,235,LAR,Daniel Hardy,LB,23,2024,0,0,0,0,0,16,0,0,0,0,0,0,0,0,0,0,0,5,NA,NA,Montana St.,2022
7,236,LAC,Deane Leonard,DB,22,2024,0,0,0,2,2,32,0,0,0,0,0,0,0,0,0,0,0,29,NA,NA,Mississippi,2022
7,237,DET,Chase Lucas,DB,25,2023,0,0,0,1,1,18,0,0,0,0,0,0,0,0,0,0,0,3,NA,NA,Arizona St.,2022
7,238,LVR,Thayer Munford,OL,22,2024,0,0,1,8,8,39,0,0,0,0,0,0,0,0,0,0,0,NA,NA,NA,Ohio St.,2022
7,239,IND,Rodney Thomas II,LB,24,2024,0,0,2,9,9,45,0,0,0,0,0,0,0,0,0,0,0,69,6,NA,Yale,2022
7,240,WAS,Christian Holmes,CB,24,2023,0,0,0,3,3,30,0,0,0,0,0,0,0,0,0,0,0,11,NA,NA,Oklahoma St.,2022
7,241,PIT,Chris Oladokun,QB,25,NA,0,0,0,NA,NA,NA,NA,NA,NA,NA,NA,NA,NA,NA,NA,NA,NA,NA,NA,NA,South Dakota St.,2022
7,242,CAR,Kalon Barnes,CB,23,2022,0,0,0,0,NA,2,0,0,0,0,0,0,0,0,0,0,0,NA,NA,NA,Baylor,2022
7,243,KAN,Jaylen Watson,DB,23,2024,0,0,1,5,5,38,0,0,0,0,0,0,0,0,0,0,0,86,1,2,Washington St.,2022
7,244,ARI,Christian Matthew,DB,25,2023,0,0,0,2,2,20,0,0,0,0,0,0,0,0,0,0,0,13,NA,NA,Valdosta St.,2022
7,245,NWE,Andrew Stueber,OL,23,2024,0,0,0,0,NA,4,0,0,0,0,0,0,0,0,0,0,0,NA,NA,NA,Michigan,2022
7,246,CLE,Dawson Deaton,OL,23,NA,0,0,0,NA,NA,NA,NA,NA,NA,NA,NA,NA,NA,NA,NA,NA,NA,NA,NA,NA,Texas Tech,2022
7,247,MIA,Skylar Thompson,QB,25,2024,0,0,0,2,2,9,81,138,721,1,3,15,25,0,0,0,0,NA,NA,NA,Kansas St.,2022
7,248,TAM,Andre Anthony,DE,25,NA,0,0,0,NA,NA,NA,NA,NA,NA,NA,NA,NA,NA,NA,NA,NA,NA,NA,NA,NA,LSU,2022
7,249,GNB,Rasheed Walker,OL,22,2024,0,0,2,10,10,28,0,0,0,0,0,0,0,0,0,0,0,NA,NA,NA,Penn St.,2022
7,250,LVR,Brittain Brown,RB,24,2022,0,0,0,0,0,6,0,0,0,0,0,0,0,0,0,0,0,NA,NA,NA,UCLA,2022
7,251,KAN,Isiah Pacheco,RB,23,2024,0,0,2,15,15,33,0,0,0,0,0,409,1900,13,64,428,2,2,NA,NA,Rutgers,2022
7,252,CIN,Jeff Gunter,OLB,23,2022,0,0,0,1,1,10,0,0,0,0,0,0,0,0,0,0,0,NA,NA,NA,Coastal Carolina,2022
7,253,LAR,Russ Yeast,DB,23,2024,0,0,1,4,4,35,0,0,0,0,0,0,0,0,0,0,0,53,NA,NA,Kansas St.,2022
7,254,CHI,Elijah Hicks,S,22,2024,0,0,0,4,4,42,0,0,0,0,0,0,0,0,0,0,0,56,NA,NA,California,2022
7,255,CHI,Trenton Gill,P,23,2024,0,0,2,4,4,40,0,0,0,0,0,0,0,0,0,0,0,1,NA,NA,North Carolina St.,2022
7,256,ARI,Jesse Luketa,LB,23,2024,0,0,0,1,1,27,0,0,0,0,0,0,0,0,0,0,0,15,NA,2,Penn St.,2022
7,257,ARI,Marquis Hayes,OL,23,NA,0,0,0,NA,NA,NA,NA,NA,NA,NA,NA,NA,NA,NA,NA,NA,NA,NA,NA,NA,Oklahoma,2022
7,258,GNB,Samori Toure,WR,24,2023,0,0,0,2,2,22,0,0,0,0,0,0,0,0,13,160,1,NA,NA,NA,Nebraska,2022
7,259,KAN,Nazeeh Johnson,S,24,2024,0,0,0,1,1,20,0,0,0,0,0,0,0,0,0,0,0,22,NA,1,Marshall,2022
7,260,LAC,Zander Horvath,RB,23,2022,0,0,0,0,0,15,0,0,0,0,0,4,8,0,5,8,2,1,NA,NA,Purdue,2022
7,261,LAR,AJ Arcuri,OT,25,2024,0,0,0,1,1,9,0,0,0,0,0,0,0,0,0,0,0,NA,NA,NA,Michigan St.,2022
7,262,SFO,Brock Purdy,QB,22,2024,0,1,2,24,24,35,624,920,8267,57,23,112,424,7,0,0,0,NA,NA,NA,Iowa St.,2022
1,1,CAR,Bryce Young,QB,22,2024,0,0,1,6,6,23,407,680,3697,15,16,54,324,1,0,0,0,NA,NA,NA,Alabama,2023
1,2,HOU,C.J. Stroud,QB,21,2024,0,1,2,14,14,26,549,862,6736,35,12,74,341,3,1,0,0,NA,NA,NA,Ohio St.,2023
1,3,HOU,Will Anderson,LB,22,2024,0,1,2,10,10,24,0,0,0,0,0,0,0,0,0,0,0,49,NA,14.5,Alabama,2023
1,4,IND,Anthony Richardson,QB,21,2024,0,0,1,3,3,11,129,247,1807,8,8,76,410,7,0,0,0,NA,NA,NA,Florida,2023
1,5,SEA,Devon Witherspoon,DB,22,2024,0,1,2,6,6,24,0,0,0,0,0,0,0,0,0,0,0,93,1,3,Illinois,2023
1,6,ARI,Paris Johnson,OL,22,2024,0,0,2,8,8,27,0,0,0,0,0,0,0,0,0,0,0,NA,NA,NA,Ohio St.,2023
1,7,LVR,Tyree Wilson,OLB,23,2024,0,0,0,2,2,26,0,0,0,0,0,0,0,0,0,0,0,23,NA,5.5,Texas Tech,2023
1,8,ATL,Bijan Robinson,RB,21,2024,0,0,2,9,9,28,0,0,0,0,0,381,1759,10,103,846,5,NA,NA,NA,Texas,2023
1,9,PHI,Jalen Carter,DL,22,2024,0,0,1,2,2,26,0,0,0,0,0,0,0,0,0,0,0,34,NA,9.5,Georgia,2023
1,10,CHI,Darnell Wright,OL,22,2024,0,0,2,8,8,26,0,0,0,0,0,0,0,0,0,0,0,NA,NA,NA,Tennessee,2023
1,11,TEN,Peter Skoronski,OL,22,2024,0,0,2,5,5,24,0,0,0,0,0,0,0,0,0,0,0,NA,NA,NA,Northwestern,2023
1,12,DET,Jahmyr Gibbs,RB,21,2024,0,1,0,10,10,25,0,0,0,0,0,315,1741,18,75,572,2,NA,NA,NA,Alabama,2023
1,13,GNB,Lukas Van Ness,DL,22,2024,0,0,0,1,1,27,0,0,0,0,0,0,0,0,0,0,0,38,NA,5,Iowa,2023
1,14,PIT,Broderick Jones,OL,22,2024,0,0,2,5,5,28,0,0,0,0,0,0,0,0,0,0,0,NA,NA,NA,Georgia,2023
1,15,NYJ,Will McDonald,DE,24,2024,0,0,1,2,2,26,0,0,0,0,0,0,0,0,0,0,0,23,NA,11,Iowa St.,2023
1,16,WAS,Emmanuel Forbes,CB,22,2024,0,0,0,2,2,20,0,0,0,0,0,0,0,0,0,0,0,37,2,NA,Mississippi St.,2023
1,17,NWE,Christian Gonzalez,DB,21,2024,0,0,1,2,2,15,0,0,0,0,0,0,0,0,0,0,0,53,2,1,Oregon,2023
1,18,DET,Jack Campbell,LB,23,2024,0,0,2,5,5,27,0,0,0,0,0,0,0,0,0,0,0,92,NA,3.5,Iowa,2023
1,19,TAM,Calijah Kancey,DL,22,2024,0,0,1,6,6,19,0,0,0,0,0,0,0,0,0,0,0,34,NA,8,Pittsburgh,2023
1,20,SEA,Jaxon Smith-Njigba,WR,21,2024,0,0,1,6,6,27,1,1,35,0,0,1,8,0,123,1306,7,NA,NA,NA,Ohio St.,2023
1,21,LAC,Quentin Johnston,WR,22,2024,0,0,2,4,4,25,0,0,0,0,0,6,15,0,60,785,8,NA,NA,NA,TCU,2023
1,22,BAL,Zay Flowers,WR,22,2024,0,0,2,9,9,27,0,0,0,0,0,14,103,1,129,1585,9,NA,NA,NA,Boston Col.,2023
1,23,MIN,Jordan Addison,WR,21,2024,0,0,2,7,7,25,0,0,0,0,0,4,22,1,94,1270,13,NA,NA,NA,USC,2023
1,24,NYG,Deonte Banks,DB,22,2024,0,0,2,5,5,25,0,0,0,0,0,0,0,0,0,0,0,81,2,NA,Maryland,2023
1,25,BUF,Dalton Kincaid,TE,23,2024,0,0,2,7,7,26,0,0,0,0,0,0,0,0,107,1029,4,NA,NA,NA,Utah,2023
1,26,DAL,Mazi Smith,DL,22,2024,0,0,1,2,2,27,0,0,0,0,0,0,0,0,0,0,0,24,NA,1,Michigan,2023
1,27,JAX,Anton Harrison,OL,21,2024,0,0,2,9,9,28,0,0,0,0,0,0,0,0,0,0,0,NA,NA,NA,Oklahoma,2023
1,28,CIN,Myles Murphy,DE,21,2024,0,0,0,1,1,24,0,0,0,0,0,0,0,0,0,0,0,17,NA,3,Clemson,2023
1,29,NOR,Bryan Bresee,DT,21,2024,0,0,1,2,2,28,0,0,0,0,0,0,0,0,0,0,0,23,NA,10,Clemson,2023
1,30,PHI,Nolan Smith,OLB,22,2024,0,0,0,1,1,27,0,0,0,0,0,0,0,0,0,0,0,22,NA,4.5,Georgia,2023
1,31,KAN,Felix Anudike-Uzomah,DE,21,2024,0,0,0,1,1,27,0,0,0,0,0,0,0,0,0,0,0,20,NA,2,Kansas St.,2023
2,32,PIT,Joey Porter Jr.,CB,23,2024,0,0,2,4,4,28,0,0,0,0,0,0,0,0,0,0,0,64,2,NA,Penn St.,2023
2,33,TEN,Will Levis,QB,24,2024,0,0,2,6,6,16,267,434,2977,16,12,53,222,1,0,0,0,NA,NA,NA,Kentucky,2023
2,34,DET,Sam LaPorta,TE,22,2024,0,1,2,9,9,26,0,0,0,0,0,1,4,0,111,1255,13,NA,NA,NA,Iowa,2023
2,35,LVR,Michael Mayer,TE,22,2024,0,0,1,3,3,18,0,0,0,0,0,0,0,0,32,330,2,NA,NA,NA,Notre Dame,2023
2,36,LAR,Steve Avila,C,23,2024,0,0,1,7,7,20,0,0,0,0,0,0,0,0,0,0,0,NA,NA,NA,TCU,2023
2,37,SEA,Derick Hall,DE,22,2024,0,0,1,1,1,27,0,0,0,0,0,0,0,0,0,0,0,35,NA,6,Auburn,2023
2,38,ATL,Matthew Bergeron,OL,23,2024,0,0,2,6,6,28,0,0,0,0,0,0,0,0,0,0,0,NA,NA,NA,Syracuse,2023
2,39,CAR,Jonathan Mingo,WR,22,2024,0,0,1,3,3,25,0,0,0,0,0,2,5,0,55,539,0,NA,NA,NA,Mississippi,2023
2,40,NOR,Isaiah Foskey,DL,22,2024,0,0,0,1,1,21,0,0,0,0,0,0,0,0,0,0,0,8,NA,NA,Notre Dame,2023
2,41,ARI,BJ Ojulari,DE,21,2023,0,0,0,1,1,17,0,0,0,0,0,0,0,0,0,0,0,23,NA,4,LSU,2023
2,42,GNB,Luke Musgrave,TE,23,2024,0,0,1,3,3,15,0,0,0,0,0,0,0,0,39,374,1,NA,NA,NA,Oregon St.,2023
2,43,NYJ,Joe Tippmann,OL,22,2024,0,0,2,4,4,27,0,0,0,0,0,0,0,0,0,0,0,NA,NA,NA,Wisconsin,2023
2,44,IND,Julius Brents,DB,23,2024,0,0,0,3,3,10,0,0,0,0,0,0,0,0,0,0,0,33,1,NA,Kansas St.,2023
2,45,DET,Brian Branch,DB,21,2024,0,0,2,4,4,24,0,0,0,0,0,0,0,0,0,0,0,93,7,1,Alabama,2023
2,46,NWE,Keion White,DL,24,2024,0,0,1,3,3,27,0,0,0,0,0,0,0,0,0,0,0,37,NA,6,Georgia Tech,2023
2,47,WAS,Quan Martin,DB,23,2024,0,0,1,2,2,27,0,0,0,0,0,0,0,0,0,0,0,63,2,1,Illinois,2023
2,48,TAM,Cody Mauch,T,24,2024,0,0,2,7,7,27,0,0,0,0,0,0,0,0,0,0,0,NA,NA,NA,North Dakota St.,2023
2,49,PIT,Keeanu Benton,NT,22,2024,0,0,2,4,4,28,0,0,0,0,0,0,0,0,0,0,0,27,NA,1,Wisconsin,2023
2,50,GNB,Jayden Reed,WR,23,2024,0,0,1,9,9,26,0,0,0,0,0,23,224,3,102,1436,12,NA,NA,NA,Michigan St.,2023
2,51,MIA,Cam Smith,DB,22,2024,0,0,0,1,1,19,0,0,0,0,0,0,0,0,0,0,0,11,NA,NA,South Carolina,2023
2,52,SEA,Zach Charbonnet,RB,22,2024,0,0,0,5,5,26,0,0,0,0,0,173,678,5,60,400,1,1,NA,NA,UCLA,2023
2,53,CHI,Gervon Dexter,DL,21,2024,0,0,1,2,2,27,0,0,0,0,0,0,0,0,0,0,0,29,NA,6.5,Florida,2023
2,54,LAC,Tuli Tuipulotu,DL,21,2024,0,0,2,5,5,27,0,0,0,0,0,0,0,0,0,0,0,56,NA,11.5,USC,2023
2,55,KAN,Rashee Rice,WR,23,2024,0,0,0,8,8,20,0,0,0,0,0,2,-2,0,103,1226,9,NA,NA,NA,SMU,2023
2,56,CHI,Tyrique Stevenson,CB,23,2024,0,0,2,6,6,25,0,0,0,0,0,0,0,0,0,0,0,97,5,NA,Miami (FL),2023
2,57,NYG,John Michael Schmitz,OL,24,2024,0,0,2,4,4,23,0,0,0,0,0,0,0,0,0,0,0,NA,NA,NA,Minnesota,2023
2,58,DAL,Luke Schoonmaker,TE,24,2024,0,0,0,1,1,27,0,0,0,0,0,0,0,0,22,177,2,2,NA,NA,Michigan,2023
2,59,BUF,O'Cyrus Torrence,OL,23,2024,0,0,2,8,8,28,0,0,0,0,0,0,0,0,0,0,0,NA,NA,NA,Florida,2023
2,60,CIN,DJ Turner,DB,22,2024,0,0,2,4,4,28,0,0,0,0,0,0,0,0,0,0,0,64,NA,1,Michigan,2023
2,61,JAX,Brenton Strange,TE,22,2024,0,0,1,0,0,25,0,0,0,0,0,0,0,0,26,256,3,1,NA,NA,Penn St.,2023
2,62,HOU,Juice Scruggs,OL,23,2024,0,0,1,2,2,17,0,0,0,0,0,0,0,0,0,0,0,NA,NA,NA,Penn St.,2023
2,63,DEN,Marvin Mims,WR,21,2024,0,1,0,5,5,27,0,0,0,0,0,16,68,0,35,495,2,NA,NA,NA,Oklahoma,2023
3,64,CHI,Zacch Pickens,DL,23,2024,0,0,0,1,1,21,0,0,0,0,0,0,0,0,0,0,0,10,NA,0.5,South Carolina,2023
3,65,PHI,Tyler Steen,OL,23,2024,0,0,0,1,1,21,0,0,0,0,0,0,0,0,0,0,0,NA,NA,NA,Alabama,2023
3,66,PHI,Sydney Brown,DB,23,2024,0,0,0,2,2,19,0,0,0,0,0,0,0,0,0,0,0,35,1,NA,Illinois,2023
3,67,DEN,Drew Sanders,LB,21,2023,0,0,0,2,2,17,0,0,0,0,0,0,0,0,0,0,0,13,NA,NA,Arkansas,2023
3,68,DET,Hendon Hooker,QB,25,2024,0,0,0,0,0,3,6,9,62,0,0,5,2,0,0,0,0,NA,NA,NA,Tennessee,2023
3,69,HOU,Tank Dell,WR,23,2024,0,0,1,6,6,21,0,0,0,0,0,19,79,0,86,1157,9,NA,NA,NA,Houston,2023
3,70,LVR,Byron Young,DL,22,2023,0,0,0,0,0,6,0,0,0,0,0,0,0,0,0,0,0,4,NA,NA,Alabama,2023
3,71,NOR,Kendre Miller,RB,21,2024,0,0,0,2,2,10,0,0,0,0,0,50,208,1,12,118,0,NA,NA,NA,TCU,2023
3,72,ARI,Garrett Williams,DB,22,2024,0,0,1,2,2,18,0,0,0,0,0,0,0,0,0,0,0,45,2,NA,Syracuse,2023
3,73,NYG,Jalin Hyatt,WR,21,2024,0,0,0,3,3,26,0,0,0,0,0,0,0,0,28,418,0,NA,NA,NA,Tennessee,2023
3,74,CLE,Cedric Tillman,WR,23,2024,0,0,0,2,2,25,0,0,0,0,0,2,3,0,50,563,3,NA,NA,NA,Tennessee,2023
3,75,ATL,Zach Harrison,DE,22,2024,0,0,0,1,1,27,0,0,0,0,0,0,0,0,0,0,0,21,NA,3,Ohio St.,2023
3,76,NWE,Marte Mapu,DB,23,2024,0,0,0,2,2,23,0,0,0,0,0,0,0,0,0,0,0,24,1,0.5,Sacramento St.,2023
3,77,LAR,Byron Young,LB,25,2024,0,0,2,7,7,27,0,0,0,0,0,0,0,0,0,0,0,62,NA,14,Tennessee,2023
3,78,GNB,Tucker Kraft,TE,22,2024,0,0,1,4,4,27,0,0,0,0,0,2,4,0,59,731,7,2,NA,NA,South Dakota St.,2023
3,79,IND,Josh Downs,WR,22,2024,0,0,1,7,7,26,0,0,0,0,0,1,12,0,118,1338,6,NA,NA,NA,North Carolina,2023
3,80,CAR,DJ Johnson,OLB,24,2024,0,0,0,2,2,22,0,0,0,0,0,0,0,0,0,0,0,16,NA,0.5,Oregon,2023
3,81,TEN,Tyjae Spears,RB,22,2024,0,0,0,6,6,24,0,0,0,0,0,143,614,3,69,473,1,NA,NA,NA,Tulane,2023
3,82,TAM,YaYa Diaby,DL,24,2024,0,0,1,5,5,27,0,0,0,0,0,0,0,0,0,0,0,44,NA,9.5,Louisville,2023
3,83,DEN,Riley Moss,DB,23,2024,0,0,1,1,1,25,0,0,0,0,0,0,0,0,0,0,0,51,1,NA,Iowa,2023
3,84,MIA,De'Von Achane,RB,21,2024,0,0,1,7,7,21,0,0,0,0,0,225,1330,11,73,546,6,NA,NA,NA,Texas A&M,2023
3,85,LAC,Daiyan Henley,LB,23,2024,0,0,1,1,1,25,0,0,0,0,0,0,0,0,0,0,0,68,NA,1,Washington St.,2023
3,86,BAL,Trenton Simpson,LB,22,2024,0,0,1,2,2,26,0,0,0,0,0,0,0,0,0,0,0,44,NA,2.5,Clemson,2023
3,87,SFO,Ji'Ayir Brown,S,23,2024,0,0,1,2,2,25,0,0,0,0,0,0,0,0,0,0,0,54,3,NA,Penn St.,2023
3,88,JAX,Tank Bigsby,RB,22,2024,0,0,0,1,1,27,0,0,0,0,0,145,651,6,4,42,0,NA,NA,NA,Auburn,2023
3,89,LAR,Kobie Turner,DT,24,2024,0,0,1,3,3,27,0,0,0,0,0,0,0,0,0,0,0,54,NA,14,Wake Forest,2023
3,90,DAL,DeMarvion Overshown,LB,23,2024,0,0,1,0,0,10,0,0,0,0,0,0,0,0,0,0,0,46,NA,4,Texas,2023
3,91,BUF,Dorian Williams,LB,22,2024,0,0,1,2,2,28,0,0,0,0,0,0,0,0,0,0,0,84,NA,NA,Tulane,2023
3,92,KAN,Wanya Morris,OL,22,2024,0,0,1,2,2,24,0,0,0,0,0,0,0,0,1,1,1,NA,NA,NA,Oklahoma,2023
3,93,PIT,Darnell Washington,TE,22,2024,0,0,1,1,1,28,0,0,0,0,0,0,0,0,24,243,1,NA,NA,NA,Georgia,2023
3,94,ARI,Michael Wilson,WR,23,2024,0,0,2,6,6,23,0,0,0,0,0,0,0,0,68,872,6,NA,NA,NA,Stanford,2023
3,95,CIN,Jordan Battle,DB,22,2024,0,0,0,3,3,28,0,0,0,0,0,0,0,0,0,0,0,60,1,2,Alabama,2023
3,96,DET,Brodric Martin,DT,24,2023,0,0,0,0,0,3,0,0,0,0,0,0,0,0,0,0,0,1,NA,NA,Western Kentucky,2023
3,97,WAS,Ricky Stromberg,OL,22,2023,0,0,0,0,0,4,0,0,0,0,0,0,0,0,0,0,0,NA,NA,NA,Arkansas,2023
3,98,CLE,Siaki Ika,DL,22,2023,0,0,0,0,0,4,0,0,0,0,0,0,0,0,0,0,0,NA,NA,NA,Baylor,2023
3,99,SFO,Jake Moody,K,23,2024,0,0,1,3,3,24,0,0,0,0,0,0,0,0,0,0,0,NA,NA,NA,Michigan,2023
3,100,LVR,Tre Tucker,WR,22,2024,0,0,1,3,3,26,0,0,0,0,0,16,113,1,47,616,3,2,NA,NA,Cincinnati,2023
3,101,SFO,Cameron Latu,TE,23,NA,0,0,0,NA,NA,NA,NA,NA,NA,NA,NA,NA,NA,NA,NA,NA,NA,NA,NA,NA,Alabama,2023
3,102,MIN,Mekhi Blackmon,CB,24,2023,0,0,0,2,2,15,0,0,0,0,0,0,0,0,0,0,0,34,1,NA,USC,2023
4,103,NOR,Nick Saldiveri,OL,23,2024,0,0,0,0,0,14,0,0,0,0,0,0,0,0,0,0,0,NA,NA,NA,Old Dominion,2023
4,104,LVR,Jakorian Bennett,DB,23,2024,0,0,1,2,2,24,0,0,0,0,0,0,0,0,0,0,0,39,NA,NA,Maryland,2023
4,105,PHI,Kelee Ringo,DB,21,2024,0,0,0,2,2,27,0,0,0,0,0,0,0,0,0,0,0,23,1,1,Georgia,2023
4,106,IND,Blake Freeland,OL,22,2024,0,0,1,5,5,19,0,0,0,0,0,0,0,0,0,0,0,NA,NA,NA,BYU,2023
4,107,NWE,Jake Andrews,OL,23,2023,0,0,0,1,1,16,0,0,0,0,0,0,0,0,0,0,0,NA,NA,NA,Troy,2023
4,108,SEA,Anthony Bradford,OL,22,2024,0,0,2,4,4,24,0,0,0,0,0,0,0,0,0,0,0,NA,NA,NA,LSU,2023
4,109,HOU,Dylan Horton,DL,23,2024,0,0,0,1,1,17,0,0,0,0,0,0,0,0,0,0,0,10,NA,NA,TCU,2023
4,110,IND,Adetomiwa Adebawore,DL,22,2024,0,0,0,1,1,21,0,0,0,0,0,0,0,0,0,0,0,9,NA,2.5,Northwestern,2023
4,111,CLE,Dawand Jones,OL,22,2024,0,0,2,4,4,21,0,0,0,0,0,0,0,0,0,0,0,NA,NA,NA,Ohio St.,2023
4,112,NWE,Chad Ryland,K,23,2024,0,0,1,0,0,23,0,0,0,0,0,0,0,0,0,0,0,NA,NA,NA,Maryland,2023
4,113,ATL,Clark Phillips,CB,21,2024,0,0,0,2,2,22,0,0,0,0,0,0,0,0,0,0,0,42,1,NA,Utah,2023
4,114,CAR,Chandler Zavala,G,24,2024,0,0,0,2,2,20,0,0,0,0,0,0,0,0,0,0,0,NA,NA,NA,North Carolina St.,2023
4,115,CHI,Roschon Johnson,RB,22,2024,0,0,0,4,4,24,0,0,0,0,0,127,489,7,44,287,0,NA,NA,NA,Texas,2023
4,116,GNB,Colby Wooden,DE,22,2024,0,0,0,1,1,23,0,0,0,0,0,0,0,0,0,0,0,12,NA,0.5,Auburn,2023
4,117,NWE,Sidy Sow,OL,25,2024,0,0,1,4,4,23,0,0,0,0,0,0,0,0,0,0,0,NA,NA,NA,Eastern Michigan,2023
4,118,WAS,Braeden Daniels,OL,23,NA,0,0,0,NA,NA,NA,NA,NA,NA,NA,NA,NA,NA,NA,NA,NA,NA,NA,NA,NA,Utah,2023
4,119,KAN,Chamarri Conner,DB,23,2024,0,0,0,3,3,27,0,0,0,0,0,0,0,0,0,0,0,67,3,1,Virginia Tech,2023
4,120,NYJ,Carter Warren,OL,24,2024,0,0,0,2,2,10,0,0,0,0,0,0,0,0,0,0,0,NA,NA,NA,Pittsburgh,2023
4,121,JAX,Ventrell Miller,LB,24,2024,0,0,1,0,0,11,0,0,0,0,0,0,0,0,0,0,0,49,NA,NA,Florida,2023
4,122,ARI,Jon Gaines,OL,24,2024,0,0,0,0,0,6,0,0,0,0,0,0,0,0,0,0,0,NA,NA,NA,UCLA,2023
4,123,SEA,Cameron Young,DT,23,2024,0,0,0,1,1,17,0,0,0,0,0,0,0,0,0,0,0,10,NA,NA,Mississippi St.,2023
4,124,BAL,Tavius Robinson,DE,24,2024,0,0,0,2,2,28,0,0,0,0,0,0,0,0,0,0,0,21,NA,4.5,Mississippi,2023
4,125,LAC,Derius Davis,WR,22,2024,0,0,0,2,2,25,0,0,0,0,0,21,144,0,18,105,0,NA,NA,NA,TCU,2023
4,126,CLE,Isaiah McGuire,DL,22,2024,0,0,0,1,1,14,0,0,0,0,0,0,0,0,0,0,0,15,NA,1.5,Missouri,2023
4,127,NOR,Jake Haener,QB,24,2024,0,0,0,0,0,6,14,29,177,1,0,9,16,0,0,0,0,NA,NA,NA,Fresno St.,2023
4,128,LAR,Stetson Bennett,QB,25,NA,0,0,0,NA,NA,NA,NA,NA,NA,NA,NA,NA,NA,NA,NA,NA,NA,NA,NA,NA,Georgia,2023
4,129,DAL,Viliami Fehoko,DL,23,NA,0,0,0,NA,NA,NA,NA,NA,NA,NA,NA,NA,NA,NA,NA,NA,NA,NA,NA,NA,San Jose St.,2023
4,130,JAX,Tyler Lacy,DE,23,2024,0,0,1,1,1,24,0,0,0,0,0,0,0,0,0,0,0,12,NA,NA,Oklahoma St.,2023
4,131,CIN,Charlie Jones,WR,24,2024,0,0,0,2,2,19,0,0,0,0,0,2,13,0,8,69,0,NA,NA,NA,Purdue,2023
4,132,PIT,Nick Herbig,OLB,21,2024,0,0,0,2,2,24,0,0,0,0,0,0,0,0,0,0,0,29,NA,6.5,Wisconsin,2023
4,133,CHI,Tyler Scott,WR,21,2024,0,0,0,2,2,24,0,0,0,0,0,7,41,0,17,168,0,NA,NA,NA,Cincinnati,2023
4,134,MIN,Jay Ward,S,23,2024,0,0,0,1,1,27,0,0,0,0,0,0,0,0,0,0,0,8,NA,NA,LSU,2023
4,135,LVR,Aidan O'Connell,QB,25,2024,0,0,1,6,6,15,265,425,2673,14,9,17,11,1,0,0,0,NA,NA,NA,Purdue,2023
5,136,JAX,Yasir Abdullah,LB,23,2024,0,0,0,0,0,14,0,0,0,0,0,0,0,0,0,0,0,14,NA,NA,Louisville,2023
5,137,WAS,K.J. Henry,DE,24,2024,0,0,0,2,2,14,0,0,0,0,0,0,0,0,0,0,0,15,NA,2.5,Clemson,2023
5,138,IND,Darius Rush,DB,23,2024,0,0,0,0,NA,5,0,0,0,0,0,0,0,0,0,0,0,2,NA,NA,South Carolina,2023
5,139,ARI,Clayton Tune,QB,24,2024,0,0,0,0,0,11,12,21,62,0,2,13,25,1,0,0,0,NA,NA,NA,Houston,2023
5,140,CLE,Dorian Thompson-Robinson,QB,23,2024,0,0,0,1,1,11,71,137,522,1,6,17,109,0,0,0,0,NA,NA,NA,UCLA,2023
5,141,MIN,Jaquelin Roy,DT,22,2024,0,0,0,1,1,18,0,0,0,0,0,0,0,0,0,0,0,15,NA,2,LSU,2023
5,142,CLE,Cameron Mitchell,DB,21,2024,0,0,0,2,2,24,0,0,0,0,0,0,0,0,0,0,0,24,NA,1,Northwestern,2023
5,143,NYJ,Israel Abanikanda,RB,20,2023,0,0,0,1,1,6,0,0,0,0,0,22,70,0,7,43,0,NA,NA,NA,Pittsburgh,2023
5,144,NWE,Atonio Mafi,OL,22,2024,0,0,0,2,2,18,0,0,0,0,0,0,0,0,0,0,0,NA,NA,NA,UCLA,2023
5,145,CAR,Jammie Robinson,DB,22,2024,0,0,0,1,1,21,0,0,0,0,0,0,0,0,0,0,0,13,NA,NA,Florida St.,2023
5,146,NOR,Jordan Howden,DB,23,2024,0,0,0,3,3,27,0,0,0,0,0,0,0,0,0,0,0,43,1,1,Minnesota,2023
5,147,TEN,Josh Whyle,TE,23,2024,0,0,0,1,1,21,0,0,0,0,0,0,0,0,24,242,1,2,NA,NA,Cincinnati,2023
5,148,CHI,Noah Sewell,LB,21,2024,0,0,0,1,1,19,0,0,0,0,0,0,0,0,0,0,0,7,NA,NA,Oregon,2023
5,149,GNB,Sean Clifford,QB,25,2023,0,0,0,0,0,2,1,1,37,0,0,3,-2,0,0,0,0,NA,NA,NA,Penn St.,2023
5,150,BUF,Justin Shorter,WR,23,2024,0,0,0,0,NA,4,0,0,0,0,0,0,0,0,0,0,0,NA,NA,NA,Florida,2023
5,151,SEA,Mike Morris,DE,22,2024,0,0,0,0,0,10,0,0,0,0,0,0,0,0,0,0,0,5,NA,NA,Michigan,2023
5,152,DET,Colby Sorsdal,OL,23,2024,0,0,0,2,2,17,0,0,0,0,0,0,0,0,0,0,0,NA,NA,NA,William & Mary,2023
5,153,TAM,SirVocea Dennis,LB,23,2024,0,0,0,1,1,17,0,0,0,0,0,0,0,0,0,0,0,25,NA,1,Pittsburgh,2023
5,154,SEA,Olusegun Oluwatimi,C,24,2024,0,0,0,1,1,21,0,0,0,0,0,0,0,0,0,0,0,NA,NA,NA,Michigan,2023
5,155,SFO,Darrell Luter,CB,23,2024,0,0,0,0,0,10,0,0,0,0,0,0,0,0,0,0,0,5,NA,NA,South Alabama,2023
5,156,LAC,Jordan McFadden,OL,23,2024,0,0,0,1,1,13,0,0,0,0,0,0,0,0,0,0,0,NA,NA,NA,Clemson,2023
5,157,BAL,Kyu Blu Kelly,CB,22,2023,0,0,0,0,NA,8,0,0,0,0,0,0,0,0,0,0,0,5,NA,NA,Stanford,2023
5,158,IND,Daniel Scott,S,24,NA,0,0,0,NA,NA,NA,NA,NA,NA,NA,NA,NA,NA,NA,NA,NA,NA,NA,NA,NA,California,2023
5,159,GNB,Dontayvion Wicks,WR,22,2024,0,0,0,6,6,25,1,1,14,0,0,1,1,0,55,773,8,NA,NA,NA,Virginia,2023
5,160,JAX,Antonio Johnson,DB,21,2024,0,0,1,2,2,24,0,0,0,0,0,0,0,0,0,0,0,49,2,1,Texas A&M,2023
5,161,LAR,Nick Hampton,OLB,23,2024,0,0,0,1,1,20,0,0,0,0,0,0,0,0,0,0,0,4,NA,NA,Appalachian St.,2023
5,162,IND,Will Mallory,TE,24,2024,0,0,0,2,2,19,0,0,0,0,0,0,0,0,21,229,0,NA,NA,NA,Miami (FL),2023
5,163,CIN,Chase Brown,RB,23,2024,0,0,0,3,3,23,0,0,0,0,0,184,786,5,49,363,3,2,NA,NA,Illinois,2023
5,164,MIN,Jaren Hall,QB,25,2023,0,0,0,1,1,3,13,20,168,0,1,6,14,0,0,0,0,NA,NA,NA,BYU,2023
5,165,CHI,Terell Smith,DB,24,2024,0,0,0,2,2,19,0,0,0,0,0,0,0,0,0,0,0,41,1,NA,Minnesota,2023
5,166,KAN,BJ Thompson,DE,26,2023,0,0,0,0,0,1,0,0,0,0,0,0,0,0,0,0,0,2,NA,NA,S.F. Austin,2023
5,167,HOU,Henry To'oTo'o,LB,22,2024,0,0,1,4,4,23,0,0,0,0,0,0,0,0,0,0,0,70,1,1,Alabama,2023
5,168,ARI,Owen Pappoe,LB,22,2024,0,0,0,1,1,25,0,0,0,0,0,0,0,0,0,0,0,19,NA,NA,Auburn,2023
5,169,DAL,Asim Richards,OL,22,2024,0,0,0,1,1,18,0,0,0,0,0,0,0,0,0,0,0,NA,NA,NA,North Carolina,2023
5,170,LVR,Christopher Smith,DB,23,2024,0,0,0,1,1,22,0,0,0,0,0,0,0,0,0,0,0,3,NA,NA,Georgia,2023
5,171,TAM,Payne Durham,TE,23,2024,0,0,0,1,1,22,0,0,0,0,0,0,0,0,6,66,0,NA,NA,NA,Purdue,2023
5,172,NYG,Eric Gray,RB,23,2024,0,0,0,0,0,23,0,0,0,0,0,29,74,0,12,91,0,NA,NA,NA,Oklahoma,2023
5,173,SFO,Robert Beal,OLB,24,2024,0,0,0,0,0,14,0,0,0,0,0,0,0,0,0,0,0,9,NA,1,Georgia,2023
5,174,LAR,Warren McClendon,OL,22,2024,0,0,0,0,0,16,0,0,0,0,0,0,0,0,0,0,0,NA,NA,NA,Georgia,2023
5,175,LAR,Davis Allen,TE,22,2024,0,0,0,1,1,23,0,0,0,0,0,0,0,0,16,134,1,1,NA,NA,Clemson,2023
5,176,IND,Evan Hull,RB,22,2024,0,0,0,0,0,2,0,0,0,0,0,1,1,0,1,6,0,NA,NA,NA,Northwestern,2023
5,177,LAR,Puka Nacua,WR,22,2024,0,1,1,14,14,22,0,0,0,0,0,15,101,0,133,1859,7,NA,NA,NA,BYU,2023
6,178,DAL,Eric Scott,DB,25,NA,0,0,0,NA,NA,NA,NA,NA,NA,NA,NA,NA,NA,NA,NA,NA,NA,NA,NA,NA,Southern Miss,2023
6,179,GNB,Karl Brooks,DT,23,2024,0,0,0,2,2,27,0,0,0,0,0,0,0,0,0,0,0,20,NA,5.5,Bowling Green,2023
6,180,ARI,Kei'Trel Clark,DB,22,2024,0,0,0,2,2,22,0,0,0,0,0,0,0,0,0,0,0,41,NA,1,Louisville,2023
6,181,TAM,Josh Hayes,CB,24,2024,0,0,0,1,1,24,0,0,0,0,0,0,0,0,0,0,0,19,NA,NA,Kansas St.,2023
6,182,LAR,Tre'Vius Tomlinson,CB,23,2023,0,0,0,1,1,15,0,0,0,0,0,0,0,0,0,0,0,11,NA,NA,TCU,2023
6,183,DEN,JL Skinner,S,22,2024,0,0,0,0,0,10,0,0,0,0,0,0,0,0,0,0,0,4,NA,NA,Boise St.,2023
6,184,NYJ,Zaire Barnes,LB,24,2023,0,0,0,0,0,4,0,0,0,0,0,0,0,0,0,0,0,NA,NA,NA,Western Michigan,2023
6,185,JAX,Parker Washington,WR,21,2024,0,0,0,1,1,20,0,0,0,0,0,0,0,0,26,250,2,NA,NA,NA,Penn St.,2023
6,186,TEN,Jaelyn Duncan,OL,23,2024,0,0,0,2,2,14,0,0,0,0,0,0,0,0,0,0,0,NA,NA,NA,Maryland,2023
6,187,NWE,Kayshon Boutte,WR,21,2024,0,0,1,0,0,14,0,0,0,0,0,0,0,0,23,302,1,NA,NA,NA,LSU,2023
6,188,PHI,Tanner McKee,QB,23,NA,0,0,0,NA,NA,NA,NA,NA,NA,NA,NA,NA,NA,NA,NA,NA,NA,NA,NA,NA,Stanford,2023
6,189,LAR,Ochaun Mathis,DE,24,2024,0,0,0,1,1,13,0,0,0,0,0,0,0,0,0,0,0,2,NA,NA,Nebraska,2023
6,190,CLE,Luke Wypler,OL,22,2023,0,0,0,1,1,5,0,0,0,0,0,0,0,0,0,0,0,NA,NA,NA,Ohio St.,2023
6,191,TAM,Trey Palmer,WR,22,2024,0,0,0,4,4,25,0,0,0,0,0,3,22,0,48,508,4,NA,NA,NA,Nebraska,2023
6,192,NWE,Bryce Baringer,P,24,2024,0,0,1,3,3,28,0,0,0,0,0,0,0,0,0,0,0,1,NA,NA,Michigan St.,2023
6,193,WAS,Chris Rodriguez,RB,22,2024,0,0,0,2,2,17,0,0,0,0,0,64,303,2,2,12,0,1,NA,NA,Kentucky,2023
6,194,KAN,Keondre Coburn,DT,23,2024,0,0,0,0,0,13,0,0,0,0,0,0,0,0,0,0,0,5,NA,NA,Texas,2023
6,195,NOR,A.T. Perry,WR,23,2023,0,0,0,2,2,10,0,0,0,0,0,0,0,0,12,246,4,NA,NA,NA,Wake Forest,2023
6,196,TAM,Jose Ramirez,DL,24,2024,0,0,0,0,0,2,0,0,0,0,0,0,0,0,0,0,0,NA,NA,NA,Eastern Michigan,2023
6,197,MIA,Elijah Higgins,WR,22,2024,0,0,0,2,NA,21,0,0,0,0,0,0,0,0,28,279,3,NA,NA,NA,Stanford,2023
6,198,SEA,Jerrick Reed,S,23,2024,0,0,0,0,0,13,0,0,0,0,0,0,0,0,0,0,0,11,NA,NA,New Mexico,2023
6,199,BAL,Malaesala Aumavae-Laulu,OL,24,2024,0,0,0,0,0,2,0,0,0,0,0,0,0,0,0,0,0,NA,NA,NA,Oregon,2023
6,200,LAC,Scott Matlock,DT,23,2024,0,0,0,1,1,22,0,0,0,0,0,0,0,0,2,16,0,7,NA,1,Boise St.,2023
6,201,HOU,Jarrett Patterson,OL,24,2024,0,0,0,3,3,16,0,0,0,0,0,0,0,0,0,0,0,NA,NA,NA,Notre Dame,2023
6,202,JAX,Christian Braswell,DB,23,2024,0,0,0,0,0,6,0,0,0,0,0,0,0,0,0,0,0,1,NA,NA,Rutgers,2023
6,203,LVR,Amari Burney,LB,23,2024,0,0,0,1,1,17,0,0,0,0,0,0,0,0,0,0,0,14,NA,NA,Florida,2023
6,204,NYJ,Jarrick Bernard-Converse,CB,23,2024,0,0,0,0,0,13,0,0,0,0,0,0,0,0,0,0,0,3,NA,NA,LSU,2023
6,205,HOU,Xavier Hutchinson,WR,23,2024,0,0,0,1,1,27,0,0,0,0,0,5,49,0,15,160,0,3,NA,NA,Iowa St.,2023
6,206,CIN,Andrei Iosivas,WR,23,2024,0,0,1,1,1,27,0,0,0,0,0,0,0,0,35,390,8,3,NA,NA,Princeton,2023
6,207,GNB,Anders Carlson,K,25,2024,0,0,1,1,1,20,0,0,0,0,0,0,0,0,0,0,0,1,NA,NA,Auburn,2023
6,208,JAX,Erick Hallett,DB,23,NA,0,0,0,NA,NA,NA,NA,NA,NA,NA,NA,NA,NA,NA,NA,NA,NA,NA,NA,NA,Pittsburgh,2023
6,209,NYG,Tre Hawkins,CB,23,2024,0,0,0,2,2,19,0,0,0,0,0,0,0,0,0,0,0,28,NA,NA,Old Dominion,2023
6,210,NWE,Demario Douglas,WR,22,2024,0,0,0,4,4,25,0,0,0,0,0,9,50,0,92,976,1,NA,NA,NA,Liberty,2023
6,211,IND,Titus Leo,LB,24,NA,0,0,0,NA,NA,NA,NA,NA,NA,NA,NA,NA,NA,NA,NA,NA,NA,NA,NA,NA,Wagner,2023
6,212,DAL,Deuce Vaughn,RB,21,2024,0,0,0,1,1,13,0,0,0,0,0,34,73,0,10,58,0,NA,NA,NA,Kansas St.,2023
6,213,ARI,Dante Stills,DT,23,2024,0,0,0,3,3,24,0,0,0,0,0,0,0,0,0,0,0,29,NA,7,West Virginia,2023
6,214,NWE,Ameer Speed,CB,22,2024,0,0,0,0,0,14,0,0,0,0,0,0,0,0,0,0,0,8,NA,NA,Michigan St.,2023
6,215,LAR,Zach Evans,RB,22,2023,0,0,0,0,0,10,0,0,0,0,0,9,19,0,0,0,0,NA,NA,NA,Mississippi,2023
6,216,SFO,Dee Winters,LB,22,2024,0,0,0,1,1,23,0,0,0,0,0,0,0,0,0,0,0,12,NA,NA,TCU,2023
6,217,CIN,Brad Robbins,P,24,2023,0,0,1,1,1,17,0,0,0,0,0,0,0,0,0,0,0,1,NA,NA,Michigan,2023
7,218,CHI,Travis Bell,DL,24,2023,0,0,0,0,NA,2,0,0,0,0,0,0,0,0,0,0,0,2,NA,NA,Kennesaw St.,2023
7,219,DET,Antoine Green,WR,23,2023,0,0,0,0,0,9,0,0,0,0,0,0,0,0,1,2,0,NA,NA,NA,North Carolina,2023
7,220,NYJ,Zack Kuntz,TE,24,2023,0,0,0,0,0,1,0,0,0,0,0,0,0,0,0,0,0,NA,NA,NA,Old Dominion,2023
7,221,IND,Jaylon Jones,DB,21,2024,0,0,2,4,4,28,0,0,0,0,0,0,0,0,0,0,0,80,2,NA,Texas A&M,2023
7,222,MIN,DeWayne McBride,RB,22,NA,0,0,0,NA,NA,NA,NA,NA,NA,NA,NA,NA,NA,NA,NA,NA,NA,NA,NA,NA,Ala-Birmingham,2023
7,223,LAR,Ethan Evans,P,22,2024,0,0,1,2,2,26,0,0,0,0,0,0,0,0,0,0,0,NA,NA,NA,Wingate,2023
7,224,ATL,DeMarcco Hellams,DB,23,2023,0,0,0,2,2,15,0,0,0,0,0,0,0,0,0,0,0,25,NA,NA,Alabama,2023
7,225,ATL,Jovaughn Gwyn,OL,24,2024,0,0,0,0,0,2,0,0,0,0,0,0,0,0,0,0,0,NA,NA,NA,South Carolina,2023
7,226,JAX,Cooper Hodges,OL,23,2024,0,0,0,0,0,9,0,0,0,0,0,0,0,0,0,0,0,NA,NA,NA,Appalachian St.,2023
7,227,JAX,Raymond Vohasek,DT,NA,NA,0,0,0,NA,NA,NA,NA,NA,NA,NA,NA,NA,NA,NA,NA,NA,NA,NA,NA,NA,North Carolina,2023
7,228,TEN,Colton Dowell,WR,24,2023,0,0,0,0,0,10,0,0,0,0,0,0,0,0,1,3,0,2,NA,NA,UT Martin,2023
7,229,BAL,Andrew Vorhees,OL,24,2024,0,0,0,0,0,9,0,0,0,0,0,0,0,0,0,0,0,NA,NA,NA,USC,2023
7,230,BUF,Nick Broeker,OL,22,2024,0,0,0,0,NA,9,0,0,0,0,0,0,0,0,0,0,0,NA,NA,NA,Mississippi,2023
7,231,LVR,Nesta Jade Silvera,DT,23,2024,0,0,0,0,0,9,0,0,0,0,0,0,0,0,0,0,0,3,NA,NA,Arizona St.,2023
7,232,GNB,Carrington Valentine,DB,21,2024,0,0,1,3,3,25,0,0,0,0,0,0,0,0,0,0,0,38,NA,NA,Kentucky,2023
7,233,WAS,Andre Jones,DE,24,2024,0,0,0,1,1,16,0,0,0,0,0,0,0,0,0,0,0,2,NA,NA,Louisiana,2023
7,234,LAR,Jason Taylor,S,23,2023,0,0,0,0,0,8,0,0,0,0,0,0,0,0,0,0,0,5,NA,NA,Oklahoma St.,2023
7,235,GNB,Lew Nichols,RB,22,NA,0,0,0,NA,NA,NA,NA,NA,NA,NA,NA,NA,NA,NA,NA,NA,NA,NA,NA,NA,Central Michigan,2023
7,236,IND,Jake Witt,OL,23,NA,0,0,0,NA,NA,NA,NA,NA,NA,NA,NA,NA,NA,NA,NA,NA,NA,NA,NA,NA,Northern Michigan,2023
7,237,SEA,Kenny McIntosh,RB,23,2024,0,0,0,0,0,13,0,0,0,0,0,4,16,0,0,0,0,1,NA,NA,Georgia,2023
7,238,MIA,Ryan Hayes,OL,23,NA,0,0,0,NA,NA,NA,NA,NA,NA,NA,NA,NA,NA,NA,NA,NA,NA,NA,NA,NA,Michigan,2023
7,239,LAC,Max Duggan,QB,22,NA,0,0,0,NA,NA,NA,NA,NA,NA,NA,NA,NA,NA,NA,NA,NA,NA,NA,NA,NA,TCU,2023
7,240,JAX,Derek Parish,DL,24,NA,0,0,0,NA,NA,NA,NA,NA,NA,NA,NA,NA,NA,NA,NA,NA,NA,NA,NA,NA,Houston,2023
7,241,PIT,Cory Trice,CB,23,2024,0,0,0,0,0,3,0,0,0,0,0,0,0,0,0,0,0,2,1,NA,Purdue,2023
7,242,GNB,Anthony Johnson,DB,23,2024,0,0,0,2,2,16,0,0,0,0,0,0,0,0,0,0,0,18,1,NA,Iowa St.,2023
7,243,NYG,Jordon Riley,DL,25,2024,0,0,0,1,1,15,0,0,0,0,0,0,0,0,0,0,0,7,NA,NA,Oregon,2023
7,244,DAL,Jalen Brooks,WR,23,2024,0,0,0,1,1,16,0,0,0,0,0,0,0,0,14,171,0,2,NA,NA,South Carolina,2023
7,245,NWE,Isaiah Bolden,CB,23,2024,0,0,0,0,0,8,0,0,0,0,0,0,0,0,0,0,0,1,NA,NA,Jackson St.,2023
7,246,CIN,DJ Ivey,CB,23,2024,0,0,0,1,1,13,0,0,0,0,0,0,0,0,0,0,0,4,NA,NA,Miami (FL),2023
7,247,SFO,Brayden Willis,TE,23,2024,0,0,0,0,0,10,0,0,0,0,0,0,0,0,0,0,0,2,NA,NA,Oklahoma,2023
7,248,HOU,Brandon Hill,DB,23,2023,0,0,0,0,0,2,0,0,0,0,0,0,0,0,0,0,0,NA,NA,NA,Pittsburgh,2023
7,249,PHI,Moro Ojomo,DE,22,2024,0,0,0,0,0,18,0,0,0,0,0,0,0,0,0,0,0,6,NA,NA,Texas,2023
7,250,KAN,Nic Jones,CB,21,2024,0,0,0,1,1,10,0,0,0,0,0,0,0,0,0,0,0,4,NA,NA,Ball St.,2023
7,251,PIT,Spencer Anderson,OL,23,2024,0,0,0,0,0,19,0,0,0,0,0,0,0,0,0,0,0,NA,NA,NA,Maryland,2023
7,252,BUF,Alex Austin,DB,22,2024,0,0,0,1,NA,11,0,0,0,0,0,0,0,0,0,0,0,7,1,NA,Oregon St.,2023
7,253,SFO,Ronnie Bell,WR,23,2024,0,0,0,1,1,25,0,0,0,0,0,0,0,0,8,90,3,2,NA,NA,Michigan,2023
7,254,NYG,Gervarrius Owens,DB,23,2023,0,0,0,0,0,3,0,0,0,0,0,0,0,0,0,0,0,NA,NA,NA,Houston,2023
7,255,SFO,Jalen Graham,S,22,2024,0,0,0,0,0,6,0,0,0,0,0,0,0,0,0,0,0,1,NA,NA,Purdue,2023
7,256,GNB,Grant Dubose,WR,22,2024,0,0,0,0,NA,2,0,0,0,0,0,0,0,0,1,13,0,NA,NA,NA,Charlotte,2023
7,257,DEN,Alex Forsyth,OL,24,2024,0,0,0,0,0,11,0,0,0,0,0,0,0,0,0,0,0,NA,NA,NA,Oregon,2023
7,258,CHI,Kendall Williamson,S,23,NA,0,0,0,NA,NA,NA,NA,NA,NA,NA,NA,NA,NA,NA,NA,NA,NA,NA,NA,NA,Stanford,2023
7,259,LAR,Desjuan Johnson,DT,24,2024,0,0,0,1,1,15,0,0,0,0,0,0,0,0,0,0,0,6,NA,2,Toledo,2023
1,1,CHI,Caleb Williams,QB,22,2024,0,0,1,0,0,10,201,325,2016,9,5,49,306,0,0,0,0,NA,NA,NA,USC,2024
1,2,WAS,Jayden Daniels,QB,23,2024,0,0,1,0,0,11,202,294,2338,10,3,92,482,4,0,0,0,NA,NA,NA,LSU,2024
1,3,NWE,Drake Maye,QB,22,2024,0,0,1,0,0,7,126,189,1236,9,6,28,260,1,0,0,0,NA,NA,NA,North Carolina,2024
1,4,ARI,Marvin Harrison Jr.,WR,22,2024,0,0,1,0,0,10,0,0,0,0,0,0,0,0,33,499,6,NA,NA,NA,Ohio St.,2024
1,5,LAC,Joe Alt,OL,21,2024,0,0,1,0,0,9,0,0,0,0,0,0,0,0,0,0,0,NA,NA,NA,Notre Dame,2024
1,6,NYG,Malik Nabers,WR,21,2024,0,0,1,0,0,8,0,1,0,0,0,4,-2,0,61,607,3,NA,NA,NA,LSU,2024
1,7,TEN,JC Latham,OL,21,2024,0,0,1,0,0,10,0,0,0,0,0,0,0,0,0,0,0,NA,NA,NA,Alabama,2024
1,8,ATL,Michael Penix,QB,24,2024,0,0,0,0,0,2,3,5,38,0,0,0,0,0,0,0,0,NA,NA,NA,Washington,2024
1,9,CHI,Rome Odunze,WR,22,2024,0,0,1,0,0,10,0,0,0,0,0,3,15,0,34,479,1,NA,NA,NA,Washington,2024
1,10,MIN,J.J. McCarthy,QB,21,NA,0,0,0,NA,NA,NA,NA,NA,NA,NA,NA,NA,NA,NA,NA,NA,NA,NA,NA,NA,Michigan,2024
1,11,NYJ,Olumuyiwa Fashanu,OL,21,2024,0,0,0,0,0,11,0,0,0,0,0,0,0,0,0,0,0,NA,NA,NA,Penn St.,2024
1,12,DEN,Bo Nix,QB,24,2024,0,0,1,0,0,11,234,357,2275,14,6,63,295,4,1,2,1,NA,NA,NA,Oregon,2024
1,13,LVR,Brock Bowers,TE,21,2024,0,0,1,0,0,10,0,0,0,0,0,2,9,0,70,706,3,NA,NA,NA,Georgia,2024
1,14,NOR,Taliese Fuaga,OL,22,2024,0,0,1,0,0,11,0,0,0,0,0,0,0,0,0,0,0,NA,NA,NA,Oregon St.,2024
1,15,IND,Laiatu Latu,DL,23,2024,0,0,0,0,0,11,0,0,0,0,0,0,0,0,0,0,0,12,NA,3,UCLA,2024
1,16,SEA,Byron Murphy,DL,21,2024,0,0,0,0,0,7,0,0,0,0,0,0,0,0,0,0,0,8,NA,0.5,Texas,2024
1,17,MIN,Dallas Turner,LB,21,2024,0,0,0,0,0,9,0,0,0,0,0,0,0,0,0,0,0,4,NA,1,Alabama,2024
1,18,CIN,Amarius Mims,OL,21,2024,0,0,1,0,0,9,0,0,0,0,0,0,0,0,0,0,0,NA,NA,NA,Georgia,2024
1,19,LAR,Jared Verse,DL,23,2024,0,0,1,0,0,10,0,0,0,0,0,0,0,0,0,0,0,24,NA,4.5,Florida St.,2024
1,20,PIT,Troy Fautanu,OL,23,2024,0,0,0,0,0,1,0,0,0,0,0,0,0,0,0,0,0,NA,NA,NA,Washington,2024
1,21,MIA,Chop Robinson,DE,21,2024,0,0,0,0,0,10,0,0,0,0,0,0,0,0,0,0,0,8,NA,2,Penn St.,2024
1,22,PHI,Quinyon Mitchell,CB,23,2024,0,0,1,0,0,10,0,0,0,0,0,0,0,0,0,0,0,24,NA,NA,Toledo,2024
1,23,JAX,Brian Thomas,WR,21,2024,0,0,1,0,0,11,0,0,0,0,0,4,19,0,42,689,5,NA,NA,NA,LSU,2024
1,24,DET,Terrion Arnold,DB,21,2024,0,0,1,0,0,10,0,0,0,0,0,0,0,0,0,0,0,30,NA,NA,Alabama,2024
1,25,GNB,Jordan Morgan,OL,23,2024,0,0,0,0,0,6,0,0,0,0,0,0,0,0,0,0,0,NA,NA,NA,Arizona,2024
1,26,TAM,Graham Barton,OL,22,2024,0,0,1,0,0,9,0,0,0,0,0,0,0,0,0,0,0,NA,NA,NA,Duke,2024
1,27,ARI,Darius Robinson,DL,22,NA,0,0,0,NA,NA,NA,NA,NA,NA,NA,NA,NA,NA,NA,NA,NA,NA,NA,NA,NA,Missouri,2024
1,28,KAN,Xavier Worthy,WR,21,2024,0,0,1,0,0,10,0,0,0,0,0,10,44,2,24,307,4,NA,NA,NA,Texas,2024
1,29,DAL,Tyler Guyton,OL,23,2024,0,0,1,0,0,8,0,0,0,0,0,0,0,0,0,0,0,NA,NA,NA,Oklahoma,2024
1,30,BAL,Nate Wiggins,CB,21,2024,0,0,0,0,0,9,0,0,0,0,0,0,0,0,0,0,0,10,NA,NA,Clemson,2024
1,31,SFO,Ricky Pearsall,WR,23,2024,0,0,0,0,0,4,0,0,0,0,0,1,39,0,11,132,1,NA,NA,NA,Florida,2024
1,32,CAR,Xavier Legette,WR,23,2024,0,0,1,0,0,10,0,0,0,0,0,5,22,0,29,284,4,NA,NA,NA,South Carolina,2024
2,33,BUF,Keon Coleman,WR,21,2024,0,0,1,0,0,9,0,0,0,0,0,0,0,0,22,417,3,NA,NA,NA,Florida St.,2024
2,34,LAC,Ladd McConkey,WR,22,2024,0,0,1,0,0,10,0,0,0,0,0,0,0,0,43,615,4,NA,NA,NA,Georgia,2024
2,35,ATL,Ruke Orhorhoro,DT,22,2024,0,0,0,0,0,4,0,0,0,0,0,0,0,0,0,0,0,2,NA,NA,Clemson,2024
2,36,WAS,Jer'Zhan Newton,DL,22,2024,0,0,0,0,0,10,0,0,0,0,0,0,0,0,0,0,0,11,NA,1,Illinois,2024
2,37,NWE,Ja'Lynn Polk,WR,22,2024,0,0,1,0,0,10,0,0,0,0,0,1,0,0,11,80,2,NA,NA,NA,Washington,2024
2,38,TEN,T'Vondre Sweat,DL,23,2024,0,0,1,0,0,10,0,0,0,0,0,0,0,0,0,0,0,16,NA,NA,Texas,2024
2,39,LAR,Braden Fiske,DL,24,2024,0,0,0,0,0,10,0,0,0,0,0,0,0,0,0,0,0,13,NA,5,Florida St.,2024
2,40,PHI,Cooper DeJean,DB,21,2024,0,0,0,0,0,10,0,0,0,0,0,0,0,0,0,0,0,18,NA,0.5,Iowa,2024
2,41,NOR,Kool-Aid McKinstry,DB,21,2024,0,0,0,0,0,9,0,0,0,0,0,0,0,0,0,0,0,16,NA,NA,Alabama,2024
2,42,HOU,Kamari Lassiter,DB,21,2024,0,0,1,0,0,8,0,0,0,0,0,0,0,0,0,0,0,22,3,NA,Georgia,2024
2,43,ARI,Max Melton,DB,22,2024,0,0,0,0,0,10,0,0,0,0,0,0,0,0,0,0,0,28,NA,NA,Rutgers,2024
2,44,LVR,Jackson Powers-Johnson,OL,21,2024,0,0,1,0,0,8,0,0,0,0,0,0,0,0,0,0,0,NA,NA,NA,Oregon,2024
2,45,GNB,Edgerrin Cooper,LB,22,2024,0,0,0,0,0,10,0,0,0,0,0,0,0,0,0,0,0,31,NA,2.5,Texas A&M,2024
2,46,CAR,Jonathon Brooks,RB,21,NA,0,0,0,NA,NA,NA,NA,NA,NA,NA,NA,NA,NA,NA,NA,NA,NA,NA,NA,NA,Texas,2024
2,47,NYG,Tyler Nubin,DB,23,2024,0,0,1,0,0,10,0,0,0,0,0,0,0,0,0,0,0,43,NA,NA,Minnesota,2024
2,48,JAX,Maason Smith,DT,21,2024,0,0,0,0,0,5,0,0,0,0,0,0,0,0,0,0,0,4,NA,1,LSU,2024
2,49,CIN,Kris Jenkins,DL,22,2024,0,0,0,0,0,9,0,0,0,0,0,0,0,0,0,0,0,5,NA,1,Michigan,2024
2,50,WAS,Mike Sainristil,DB,23,2024,0,0,1,0,0,11,0,0,0,0,0,0,0,0,0,0,0,41,1,NA,Michigan,2024
2,51,PIT,Zach Frazier,OL,23,2024,0,0,1,0,0,9,0,0,0,0,0,0,0,0,0,-2,0,NA,NA,NA,West Virginia,2024
2,52,IND,Adonai Mitchell,WR,21,2024,0,0,1,0,0,11,1,1,24,0,0,3,16,0,19,244,0,NA,NA,NA,Texas,2024
2,53,WAS,Ben Sinnott,TE,22,2024,0,0,0,0,0,11,0,0,0,0,0,0,0,0,3,18,1,1,NA,NA,Kansas St.,2024
2,54,CLE,Michael Hall,DT,21,2024,0,0,0,0,0,4,0,0,0,0,0,0,0,0,0,0,0,2,NA,NA,Ohio St.,2024
2,55,MIA,Patrick Paul,OL,22,2024,0,0,0,0,0,10,0,0,0,0,0,0,0,0,0,0,0,NA,NA,NA,Houston,2024
2,56,DAL,Marshawn Kneeland,DL,23,2024,0,0,0,0,0,5,0,0,0,0,0,0,0,0,0,0,0,7,NA,NA,Western Michigan,2024
2,57,TAM,Chris Braswell,LB,22,2024,0,0,0,0,0,10,0,0,0,0,0,0,0,0,0,0,0,5,NA,0.5,Alabama,2024
2,58,GNB,Javon Bullard,DB,22,2024,0,0,1,0,0,10,0,0,0,0,0,0,0,0,0,0,0,40,NA,NA,Georgia,2024
2,59,HOU,Blake Fisher,OL,21,2024,0,0,0,0,0,10,0,0,0,0,0,0,0,0,0,0,0,NA,NA,NA,Notre Dame,2024
2,60,BUF,Cole Bishop,SAF,21,2024,0,0,0,0,0,10,0,0,0,0,0,0,0,0,0,0,0,8,NA,NA,Utah,2024
2,61,DET,Ennis Rakestraw,DB,22,2024,0,0,0,0,0,8,0,0,0,0,0,0,0,0,0,0,0,4,NA,NA,Missouri,2024
2,62,BAL,Roger Rosengarten,OL,22,2024,0,0,1,0,0,11,0,0,0,0,0,0,0,0,0,0,0,NA,NA,NA,Washington,2024
2,63,KAN,Kingsley Suamataia,OL,21,2024,0,0,0,0,0,9,0,0,0,0,0,0,0,0,0,0,0,NA,NA,NA,BYU,2024
2,64,SFO,Renardo Green,DB,23,2024,0,0,0,0,0,10,0,0,0,0,0,0,0,0,0,0,0,19,1,NA,Florida St.,2024
3,65,NYJ,Malachi Corley,WR,22,2024,0,0,0,0,0,7,0,0,0,0,0,1,18,0,3,16,0,NA,NA,NA,Western Kentucky,2024
3,66,ARI,Trey Benson,RB,21,2024,0,0,0,0,0,9,0,0,0,0,0,49,216,1,5,55,0,NA,NA,NA,Florida St.,2024
3,67,WAS,Brandon Coleman,OL,23,2024,0,0,1,0,0,10,0,0,0,0,0,0,0,0,0,0,0,NA,NA,NA,TCU,2024
3,68,NWE,Caedan Wallace,OL,24,2024,0,0,0,0,0,4,0,0,0,0,0,0,0,0,0,0,0,NA,NA,NA,Penn St.,2024
3,69,LAC,Junior Colson,LB,21,2024,0,0,0,0,0,6,0,0,0,0,0,0,0,0,0,0,0,7,NA,NA,Michigan,2024
3,70,NYG,Andru Phillips,DB,22,2024,0,0,0,0,0,9,0,0,0,0,0,0,0,0,0,0,0,26,NA,1,Kentucky,2024
3,71,ARI,Isaiah Adams,OL,24,2024,0,0,0,0,0,8,0,0,0,0,0,0,0,0,0,0,0,NA,NA,NA,Illinois,2024
3,72,CAR,Trevin Wallace,LB,21,2024,0,0,1,0,0,10,0,0,0,0,0,0,0,0,0,0,0,29,NA,NA,Kentucky,2024
3,73,DAL,Cooper Beebe,OL,23,2024,0,0,1,0,0,10,0,0,0,0,0,0,0,0,0,0,0,NA,NA,NA,Kansas St.,2024
3,74,ATL,Bralen Trice,DE,23,NA,0,0,0,NA,NA,NA,NA,NA,NA,NA,NA,NA,NA,NA,NA,NA,NA,NA,NA,NA,Washington,2024
3,75,CHI,Kiran Amegadjie,OL,22,2024,0,0,0,0,0,4,0,0,0,0,0,0,0,0,0,0,0,NA,NA,NA,Yale,2024
3,76,DEN,Jonah Elliss,DE,21,2024,0,0,0,0,0,11,0,0,0,0,0,0,0,0,0,0,0,13,NA,3,Utah,2024
3,77,LVR,Delmar Glaze,OL,22,2024,0,0,1,0,0,10,0,0,0,0,0,0,0,0,0,0,0,NA,NA,NA,Maryland,2024
3,78,HOU,Calen Bullock,SAF,21,2024,0,0,1,0,0,11,0,0,0,0,0,0,0,0,0,0,0,21,4,NA,USC,2024
3,79,IND,Matt Goncalves,OL,23,2024,0,0,0,0,0,11,0,0,0,0,0,0,0,0,0,0,0,NA,NA,NA,Pittsburgh,2024
3,80,CIN,Jermaine Burton,WR,23,2024,0,0,0,0,0,9,0,0,0,0,0,0,0,0,4,107,0,NA,NA,NA,Alabama,2024
3,81,SEA,Christian Haynes,OL,24,2024,0,0,0,0,0,9,0,0,0,0,0,0,0,0,0,0,0,NA,NA,NA,Connecticut,2024
3,82,ARI,Tip Reiman,TE,22,2024,0,0,1,0,0,10,0,0,0,0,0,0,0,0,2,6,0,NA,NA,NA,Illinois,2024
3,83,LAR,Blake Corum,RB,23,2024,0,0,0,0,0,10,0,0,0,0,0,28,101,0,4,31,0,1,NA,NA,Michigan,2024
3,84,PIT,Roman Wilson,WR,23,2024,0,0,0,0,0,1,0,0,0,0,0,0,0,0,0,0,0,NA,NA,NA,Michigan,2024
3,85,CLE,Zak Zinter,OL,23,2024,0,0,0,0,0,11,0,0,0,0,0,0,0,0,0,0,0,NA,NA,NA,Michigan,2024
3,86,SFO,Dominick Puni,OL,24,2024,0,0,1,0,0,10,0,0,0,0,0,0,0,0,0,-3,0,NA,NA,NA,Kansas,2024
3,87,DAL,Marist Liufau,LB,23,2024,0,0,0,0,0,10,0,0,0,0,0,0,0,0,0,0,0,16,NA,NA,Notre Dame,2024
3,88,GNB,MarShawn Lloyd,RB,23,2024,0,0,0,0,0,1,0,0,0,0,0,6,15,0,1,3,0,NA,NA,NA,USC,2024
3,89,TAM,Tykee Smith,DB,23,2024,0,0,0,0,0,8,0,0,0,0,0,0,0,0,0,0,0,30,1,NA,Georgia,2024
3,90,ARI,Elijah Jones,DB,24,NA,0,0,0,NA,NA,NA,NA,NA,NA,NA,NA,NA,NA,NA,NA,NA,NA,NA,NA,NA,Boston Col.,2024
3,91,GNB,Ty'Ron Hopper,LB,23,2024,0,0,0,0,0,10,0,0,0,0,0,0,0,0,0,0,0,3,NA,NA,Missouri,2024
3,92,TAM,Jalen McMillan,WR,22,2024,0,0,0,0,0,6,0,0,0,0,0,2,28,0,10,109,1,NA,NA,NA,Washington,2024
3,93,BAL,Adisa Isaac,DE,22,2024,0,0,0,0,0,2,0,0,0,0,0,0,0,0,0,0,0,1,NA,NA,Penn St.,2024
3,94,PHI,Jalyx Hunt,DE,23,2024,0,0,0,0,0,9,0,0,0,0,0,0,0,0,0,0,0,3,NA,1,Houston Christian,2024
3,95,BUF,DeWayne Carter,DT,23,2024,0,0,0,0,0,7,0,0,0,0,0,0,0,0,0,0,0,8,NA,NA,Duke,2024
3,96,JAX,Jarrian Jones,DB,23,2024,0,0,0,0,0,11,0,0,0,0,0,0,0,0,0,0,0,16,1,NA,Florida St.,2024
3,97,CIN,McKinnley Jackson,DL,22,2024,0,0,0,0,0,7,0,0,0,0,0,0,0,0,0,0,0,2,NA,NA,Texas A&M,2024
3,98,PIT,Payton Wilson,LB,24,2024,0,0,0,0,0,11,0,0,0,0,0,0,0,0,0,0,0,28,1,NA,North Carolina St.,2024
3,99,LAR,Kamren Kinchens,SAF,21,2024,0,0,0,0,0,10,0,0,0,0,0,0,0,0,0,0,0,17,3,NA,Miami (FL),2024
3,100,WAS,Luke McCaffrey,WR,23,2024,0,0,0,0,0,11,0,0,0,0,0,0,0,0,13,134,0,NA,NA,NA,Rice,2024
4,101,CAR,Ja'Tavion Sanders,TE,21,2024,0,0,0,0,0,10,0,0,0,0,0,0,0,0,26,253,1,NA,NA,NA,Texas,2024
4,102,DEN,Troy Franklin,WR,21,2024,0,0,0,0,0,10,0,0,0,0,0,2,8,0,17,159,2,NA,NA,NA,Oregon,2024
4,103,NWE,Layden Robinson,OL,23,2024,0,0,1,0,0,8,0,0,0,0,0,0,0,0,0,0,0,NA,NA,NA,Texas A&M,2024
4,104,ARI,Dadrion Taylor-Demerson,DB,23,2024,0,0,0,0,0,10,0,0,0,0,0,0,0,0,0,0,0,10,NA,NA,Texas Tech,2024
4,105,LAC,Justin Eboigbe,DL,23,2024,0,0,0,0,0,2,0,0,0,0,0,0,0,0,0,0,0,NA,NA,NA,Alabama,2024
4,106,TEN,Cedric Gray,LB,21,NA,0,0,0,NA,NA,NA,NA,NA,NA,NA,NA,NA,NA,NA,NA,NA,NA,NA,NA,NA,North Carolina,2024
4,107,NYG,Theo Johnson,TE,23,2024,0,0,1,0,0,10,0,0,0,0,0,0,0,0,21,238,1,NA,NA,NA,Penn St.,2024
4,108,MIN,Khyree Jackson,DB,25,NA,0,0,0,NA,NA,NA,NA,NA,NA,NA,NA,NA,NA,NA,NA,NA,NA,NA,NA,NA,Oregon,2024
4,109,ATL,Brandon Dorlus,DE,23,2024,0,0,0,0,0,1,0,0,0,0,0,0,0,0,0,0,0,NA,NA,NA,Oregon,2024
4,110,NWE,Javon Baker,WR,22,2024,0,0,0,0,0,6,0,0,0,0,0,0,0,0,0,0,0,NA,NA,NA,Central Florida,2024
4,111,GNB,Evan Williams,DB,23,2024,0,0,0,0,0,9,0,0,0,0,0,0,0,0,0,0,0,23,1,NA,Oregon,2024
4,112,LVR,Decamerion Richardson,CB,23,2024,0,0,0,0,0,5,0,0,0,0,0,0,0,0,0,0,0,3,NA,NA,Mississippi St.,2024
4,113,BAL,Devontez Walker,WR,23,2024,0,0,0,0,0,4,0,0,0,0,0,0,0,0,0,0,0,1,NA,NA,North Carolina,2024
4,114,JAX,Javon Foster,OL,24,2024,0,0,0,0,0,1,0,0,0,0,0,0,0,0,0,0,0,NA,NA,NA,Missouri,2024
4,115,CIN,Erick All,TE,23,2024,0,0,1,0,0,9,0,0,0,0,0,0,0,0,20,158,0,NA,NA,NA,Iowa,2024
4,116,JAX,Jordan Jefferson,DT,22,2024,0,0,0,0,0,6,0,0,0,0,0,0,0,0,0,0,0,5,NA,1,LSU,2024
4,117,IND,Tanor Bortolini,OL,22,2024,0,0,0,0,0,8,0,0,0,0,0,0,0,0,0,0,0,NA,NA,NA,Wisconsin,2024
4,118,SEA,Tyrice Knight,LB,23,2024,0,0,0,0,0,9,0,0,0,0,0,0,0,0,0,0,0,19,NA,NA,Texas-El Paso,2024
4,119,PIT,Mason McCormick,OL,24,2024,0,0,1,0,0,11,0,0,0,0,0,0,0,0,0,0,0,NA,NA,NA,South Dakota St.,2024
4,120,MIA,Jaylen Wright,RB,21,2024,0,0,0,0,0,9,0,0,0,0,0,52,215,0,1,2,0,NA,NA,NA,Tennessee,2024
4,121,SEA,AJ Barner,TE,22,2024,0,0,0,0,0,10,0,0,0,0,0,0,0,0,16,147,1,NA,NA,NA,Michigan,2024
4,122,CHI,Tory Taylor,P,27,2024,0,0,0,0,0,10,0,0,0,0,0,0,0,0,0,0,0,NA,NA,NA,Iowa,2024
4,123,HOU,Cade Stover,TE,24,2024,0,0,1,0,0,11,0,0,0,0,0,0,0,0,10,102,0,2,NA,NA,Ohio St.,2024
4,124,SFO,Malik Mustapha,DB,22,2024,0,0,1,0,0,10,0,0,0,0,0,0,0,0,0,0,0,18,1,NA,Wake Forest,2024
4,125,TAM,Bucky Irving,RB,22,2024,0,0,0,0,0,10,0,0,0,0,0,96,492,4,26,188,0,NA,NA,NA,Oregon,2024
4,126,DET,Giovanni Manu,OL,23,NA,0,0,0,NA,NA,NA,NA,NA,NA,NA,NA,NA,NA,NA,NA,NA,NA,NA,NA,NA,British Columbia,2024
4,127,PHI,Will Shipley,RB,22,2024,0,0,0,0,0,10,0,0,0,0,0,19,46,0,0,0,0,5,NA,NA,Clemson,2024
4,128,BUF,Ray Davis,RB,24,2024,0,0,0,0,0,11,0,0,0,0,0,69,279,2,10,149,1,NA,NA,NA,Kentucky,2024
4,129,SFO,Isaac Guerendo,RB,24,2024,0,0,0,0,0,10,0,0,0,0,0,38,227,1,4,22,0,NA,NA,NA,Louisville,2024
4,130,BAL,T.J. Tampa,DB,22,2024,0,0,0,0,0,4,0,0,0,0,0,0,0,0,0,0,0,NA,NA,NA,Iowa St.,2024
4,131,KAN,Jared Wiley,TE,23,2024,0,0,0,0,0,7,0,0,0,0,0,0,0,0,1,7,0,NA,NA,NA,TCU,2024
4,132,DET,Sione Vaki,SAF,23,2024,0,0,0,0,0,9,0,0,0,0,0,6,14,0,1,17,0,5,NA,NA,Utah,2024
4,133,KAN,Jaden Hicks,DB,22,2024,0,0,0,0,0,10,0,0,0,0,0,1,1,0,0,0,0,9,1,NA,Washington St.,2024
4,134,NYJ,Braelon Allen,RB,20,2024,0,0,0,0,0,11,0,0,0,0,0,62,229,2,10,81,1,NA,NA,NA,Wisconsin,2024
4,135,SFO,Jacob Cowing,WR,23,2024,0,0,0,0,0,9,0,0,0,0,0,0,0,0,2,50,0,NA,NA,NA,Arizona,2024
5,136,SEA,Nehemiah Pritchett,CB,23,2024,0,0,0,0,0,7,0,0,0,0,0,0,0,0,0,0,0,4,NA,NA,Auburn,2024
5,137,LAC,Tarheeb Still,DB,22,2024,0,0,0,0,0,7,0,0,0,0,0,0,0,0,0,0,0,18,1,0.5,Maryland,2024
5,138,ARI,Xavier Thomas,DE,24,2024,0,0,0,0,0,7,0,0,0,0,0,0,0,0,0,0,0,4,NA,2.5,Clemson,2024
5,139,WAS,Jordan Magee,LB,23,2024,0,0,0,0,0,4,0,0,0,0,0,0,0,0,0,0,0,2,NA,NA,Temple,2024
5,140,LAC,Cam Hart,CB,23,2024,0,0,1,0,0,10,0,0,0,0,0,0,0,0,0,0,0,21,NA,0.5,Notre Dame,2024
5,141,BUF,Sedrick Van Pran-Granger,OL,22,2024,0,0,0,0,0,10,0,0,0,0,0,0,0,0,0,0,0,NA,NA,NA,Georgia,2024
5,142,IND,Anthony Gould,WR,23,2024,0,0,0,0,0,3,0,0,0,0,0,0,0,0,0,0,0,NA,NA,NA,Oregon St.,2024
5,143,ATL,JD Bertrand,LB,24,2024,0,0,0,0,0,8,0,0,0,0,0,0,0,0,0,0,0,7,NA,NA,Notre Dame,2024
5,144,CHI,Austin Booker,DL,21,2024,0,0,0,0,0,10,0,0,0,0,0,0,0,0,0,0,0,12,NA,1,Kansas,2024
5,145,DEN,Kris Abrams-Draine,DB,22,NA,0,0,0,NA,NA,NA,NA,NA,NA,NA,NA,NA,NA,NA,NA,NA,NA,NA,NA,NA,Missouri,2024
5,146,TEN,Jarvis Brownlee,DB,23,2024,0,0,1,0,0,10,0,0,0,0,0,0,0,0,0,0,0,29,NA,NA,Louisville,2024
5,147,DEN,Audric Estime,RB,21,2024,0,0,0,0,0,7,0,0,0,0,0,35,164,0,3,9,0,NA,NA,NA,Notre Dame,2024
5,148,LVR,Tommy Eichenberg,LB,23,2024,0,0,0,0,0,7,0,0,0,0,0,0,0,0,0,0,0,7,NA,NA,Ohio St.,2024
5,149,CIN,Josh Newton,CB,23,2024,0,0,0,0,0,11,0,0,0,0,0,0,0,0,0,0,0,6,NA,NA,TCU,2024
5,150,NOR,Spencer Rattler,QB,23,2024,0,0,0,0,0,3,59,99,571,1,2,9,61,0,0,0,0,NA,NA,NA,South Carolina,2024
5,151,IND,Jaylon Carlies,DB,22,2024,0,0,0,0,0,7,0,0,0,0,0,0,0,0,0,0,0,14,NA,1,Missouri,2024
5,152,PHI,Ainias Smith,WR,23,2024,0,0,0,0,0,4,0,0,0,0,0,1,2,0,3,6,0,NA,NA,NA,Texas A&M,2024
5,153,JAX,Deantre Prince,CB,23,2024,0,0,0,0,0,8,0,0,0,0,0,0,0,0,0,0,0,1,NA,NA,Mississippi,2024
5,154,LAR,Brennan Jackson,DE,23,2024,0,0,0,0,0,4,0,0,0,0,0,0,0,0,0,0,0,2,NA,NA,Washington St.,2024
5,155,PHI,Jeremiah Trotter Jr.,LB,21,2024,0,0,0,0,0,10,0,0,0,0,0,0,0,0,0,0,0,4,NA,NA,Clemson,2024
5,156,CLE,Jamari Thrash,WR,23,2024,0,0,0,0,0,4,0,0,0,0,0,0,0,0,1,11,0,NA,NA,NA,Louisville,2024
5,157,CAR,Chau Smith-Wade,DB,21,2024,0,0,0,0,0,9,0,0,0,0,0,0,0,0,0,0,0,12,NA,NA,Washington St.,2024
5,158,MIA,Mohamed Kamara,DL,25,2024,0,0,0,0,0,2,0,0,0,0,0,0,0,0,0,0,0,NA,NA,NA,Colorado St.,2024
5,159,KAN,Hunter Nourzad,OL,23,2024,0,0,0,0,0,10,0,0,0,0,0,0,0,0,0,0,0,NA,NA,NA,Penn St.,2024
5,160,BUF,Edefuan Ulofoshio,LB,24,2024,0,0,0,0,0,1,0,0,0,0,0,0,0,0,0,0,0,NA,NA,NA,Washington,2024
5,161,WAS,Dominique Hampton,CB,24,NA,0,0,0,NA,NA,NA,NA,NA,NA,NA,NA,NA,NA,NA,NA,NA,NA,NA,NA,NA,Washington,2024
5,162,ARI,Christian Jones,OL,24,NA,0,0,0,NA,NA,NA,NA,NA,NA,NA,NA,NA,NA,NA,NA,NA,NA,NA,NA,NA,Texas,2024
5,163,GNB,Jacob Monk,OL,23,2024,0,0,0,0,0,9,0,0,0,0,0,0,0,0,0,0,0,NA,NA,NA,Duke,2024
5,164,IND,Jaylin Simpson,SAF,24,NA,0,0,0,NA,NA,NA,NA,NA,NA,NA,NA,NA,NA,NA,NA,NA,NA,NA,NA,NA,Auburn,2024
5,165,BAL,Rasheen Ali,RB,23,2024,0,0,0,0,0,1,0,0,0,0,0,0,0,0,0,0,0,NA,NA,NA,Marshall,2024
5,166,NYG,Tyrone Tracy,RB,24,2024,0,0,1,0,0,10,0,0,0,0,0,107,545,3,18,117,0,NA,NA,NA,Purdue,2024
5,167,JAX,Keilan Robinson,RB,24,NA,0,0,0,NA,NA,NA,NA,NA,NA,NA,NA,NA,NA,NA,NA,NA,NA,NA,NA,NA,Texas,2024
5,168,BUF,Javon Solomon,DE,23,2024,0,0,0,0,0,9,0,0,0,0,0,0,0,0,0,0,0,5,NA,2,Troy,2024
5,169,GNB,Kitan Oladapo,DB,23,2024,0,0,0,0,0,3,0,0,0,0,0,0,0,0,0,0,0,NA,NA,NA,Oregon St.,2024
5,170,NOR,Bub Means,WR,23,2024,0,0,0,0,0,7,0,0,0,0,0,0,0,0,9,118,1,NA,NA,NA,Pittsburgh,2024
5,171,NYJ,Jordan Travis,QB,24,NA,0,0,0,NA,NA,NA,NA,NA,NA,NA,NA,NA,NA,NA,NA,NA,NA,NA,NA,NA,Florida St.,2024
5,172,PHI,Trevor Keegan,OL,24,NA,0,0,0,NA,NA,NA,NA,NA,NA,NA,NA,NA,NA,NA,NA,NA,NA,NA,NA,NA,Michigan,2024
5,173,NYJ,Isaiah Davis,RB,22,2024,0,0,0,0,0,11,0,0,0,0,0,4,18,0,1,10,0,4,NA,NA,South Dakota St.,2024
5,174,DAL,Caelen Carson,DB,22,2024,0,0,0,0,0,6,0,0,0,0,0,0,0,0,0,0,0,24,NA,NA,Wake Forest,2024
5,175,NOR,Jaylan Ford,LB,22,2024,0,0,0,0,0,5,0,0,0,0,0,0,0,0,0,0,0,NA,NA,NA,Texas,2024
5,176,NYJ,Qwan'tez Stiggers,CB,22,2024,0,0,0,0,0,10,0,0,0,0,0,0,0,0,0,0,0,2,NA,NA,,2024
6,177,MIN,Walter Rouse,OL,23,NA,0,0,0,NA,NA,NA,NA,NA,NA,NA,NA,NA,NA,NA,NA,NA,NA,NA,NA,NA,Oklahoma,2024
6,178,PIT,Logan Lee,DL,24,NA,0,0,0,NA,NA,NA,NA,NA,NA,NA,NA,NA,NA,NA,NA,NA,NA,NA,NA,NA,Iowa,2024
6,179,SEA,Sataoa Laumea,OL,23,NA,0,0,0,NA,NA,NA,NA,NA,NA,NA,NA,NA,NA,NA,NA,NA,NA,NA,NA,NA,Utah,2024
6,180,NWE,Marcellas Dial,DB,23,2024,0,0,0,0,0,11,0,0,0,0,0,0,0,0,0,0,0,2,NA,NA,South Carolina,2024
6,181,LAC,Kimani Vidal,RB,23,2024,0,0,0,0,0,4,0,0,0,0,0,18,44,0,3,49,1,NA,NA,NA,Troy,2024
6,182,TEN,Jha'Quan Jackson,WR,24,2024,0,0,0,0,0,10,0,0,0,0,0,1,-5,0,1,8,0,NA,NA,NA,Tulane,2024
6,183,NYG,Darius Muasau,LB,23,2024,0,0,0,0,0,8,0,0,0,0,0,0,0,0,0,0,0,7,1,NA,UCLA,2024
6,184,MIA,Malik Washington,WR,23,2024,0,0,0,0,0,7,0,0,0,0,0,3,34,1,7,45,0,NA,NA,NA,Virginia,2024
6,185,PHI,Johnny Wilson,WR,23,2024,0,0,0,0,0,10,0,0,0,0,0,0,0,0,2,14,1,NA,NA,NA,Florida St.,2024
6,186,ATL,Jase McClellan,RB,22,2024,0,0,0,0,0,2,0,0,0,0,0,13,32,0,0,0,0,NA,NA,NA,Alabama,2024
6,187,ATL,Casey Washington,WR,23,2024,0,0,0,0,0,7,0,0,0,0,0,0,0,0,1,14,0,NA,NA,NA,Illinois,2024
6,188,HOU,Jamal Hill,LB,23,2024,0,0,0,0,0,5,0,0,0,0,0,0,0,0,0,0,0,1,NA,NA,Oregon,2024
6,189,DET,Mekhi Wingo,DT,21,2024,0,0,0,0,0,9,0,0,0,0,0,0,0,0,0,0,0,1,NA,NA,LSU,2024
6,190,PHI,Dylan McMahon,OL,23,NA,0,0,0,NA,NA,NA,NA,NA,NA,NA,NA,NA,NA,NA,NA,NA,NA,NA,NA,NA,North Carolina St.,2024
6,191,ARI,Tejhaun Palmer,WR,24,NA,0,0,0,NA,NA,NA,NA,NA,NA,NA,NA,NA,NA,NA,NA,NA,NA,NA,NA,NA,Ala-Birmingham,2024
6,192,SEA,D.J. James,CB,23,NA,0,0,0,NA,NA,NA,NA,NA,NA,NA,NA,NA,NA,NA,NA,NA,NA,NA,NA,NA,Auburn,2024
6,193,NWE,Joe Milton,QB,24,NA,0,0,0,NA,NA,NA,NA,NA,NA,NA,NA,NA,NA,NA,NA,NA,NA,NA,NA,NA,Tennessee,2024
6,194,CIN,Tanner McLachlan,TE,25,NA,0,0,0,NA,NA,NA,NA,NA,NA,NA,NA,NA,NA,NA,NA,NA,NA,NA,NA,NA,Arizona,2024
6,195,PIT,Ryan Watts,SAF,22,NA,0,0,0,NA,NA,NA,NA,NA,NA,NA,NA,NA,NA,NA,NA,NA,NA,NA,NA,NA,Texas,2024
6,196,LAR,Tyler Davis,DT,23,2024,0,0,0,0,0,9,0,0,0,0,0,0,0,0,0,0,0,8,NA,0.5,Clemson,2024
6,197,ATL,Zion Logue,DL,23,2024,0,0,0,0,NA,2,0,0,0,0,0,0,0,0,0,0,0,2,NA,NA,Georgia,2024
6,198,MIA,Patrick McMorris,DB,22,NA,0,0,0,NA,NA,NA,NA,NA,NA,NA,NA,NA,NA,NA,NA,NA,NA,NA,NA,NA,California,2024
6,199,NOR,Khristian Boyd,DL,24,2024,0,0,0,0,0,6,0,0,0,0,0,0,0,0,0,0,0,2,NA,NA,Northern Iowa,2024
6,200,CAR,Jaden Crumedy,DT,24,NA,0,0,0,NA,NA,NA,NA,NA,NA,NA,NA,NA,NA,NA,NA,NA,NA,NA,NA,NA,Mississippi St.,2024
6,201,IND,Micah Abraham,CB,23,NA,0,0,0,NA,NA,NA,NA,NA,NA,NA,NA,NA,NA,NA,NA,NA,NA,NA,NA,NA,Marshall,2024
6,202,GNB,Travis Glover,OT,24,NA,0,0,0,NA,NA,NA,NA,NA,NA,NA,NA,NA,NA,NA,NA,NA,NA,NA,NA,NA,Georgia St.,2024
6,203,MIN,Will Reichard,K,23,2024,0,0,0,0,0,8,0,0,0,0,0,0,0,0,0,0,0,NA,NA,NA,Alabama,2024
6,204,BUF,Tylan Grable,OL,24,2024,0,0,0,0,0,3,0,0,0,0,0,0,0,0,0,0,0,NA,NA,NA,Central Florida,2024
6,205,HOU,Jawhar Jordan,RB,25,NA,0,0,0,NA,NA,NA,NA,NA,NA,NA,NA,NA,NA,NA,NA,NA,NA,NA,NA,NA,Louisville,2024
6,206,CLE,Nathaniel Watson,LB,24,2024,0,0,0,0,0,8,0,0,0,0,0,0,0,0,0,0,0,4,NA,NA,Mississippi St.,2024
6,207,SEA,Michael Jerrell,OT,25,2024,0,0,0,0,0,5,0,0,0,0,0,0,0,0,0,0,0,NA,NA,NA,Findlay,2024
6,208,LVR,Dylan Laube,RB,24,2024,0,0,0,0,0,3,0,0,0,0,0,1,0,0,0,0,0,NA,NA,NA,New Hampshire,2024
6,209,LAR,Joshua Karty,K,22,2024,0,0,0,0,0,10,0,0,0,0,0,0,0,0,0,0,0,NA,NA,NA,Stanford,2024
6,210,DET,Christian Mahogany,OL,23,NA,0,0,0,NA,NA,NA,NA,NA,NA,NA,NA,NA,NA,NA,NA,NA,NA,NA,NA,NA,Boston Col.,2024
6,211,KAN,Kamal Hadden,DB,23,2024,0,0,0,0,NA,2,0,0,0,0,0,0,0,0,0,0,0,NA,NA,NA,Tennessee,2024
6,212,JAX,Cam Little,K,21,2024,0,0,0,0,0,11,0,0,0,0,0,0,0,0,0,0,0,NA,NA,NA,Arkansas,2024
6,213,LAR,Jordan Whittington,WR,23,2024,0,0,0,0,0,8,0,0,0,0,0,0,0,0,18,201,0,1,NA,NA,Texas,2024
6,214,CIN,Cedric Johnson,DE,22,2024,0,0,0,0,0,3,0,0,0,0,0,0,0,0,0,0,0,2,NA,NA,Mississippi,2024
6,215,SFO,Jarrett Kingston,OL,24,2024,0,0,0,0,NA,4,0,0,0,0,0,0,0,0,0,0,0,NA,NA,NA,USC,2024
6,216,DAL,Ryan Flournoy,WR,24,2024,0,0,0,0,0,6,0,0,0,0,0,0,0,0,4,44,0,2,NA,NA,SE Missouri St.,2024
6,217,LAR,Beaux Limmer,OL,23,2024,0,0,1,0,0,10,0,0,0,0,0,0,0,0,0,0,0,NA,NA,NA,Arkansas,2024
6,218,BAL,Devin Leary,QB,24,NA,0,0,0,NA,NA,NA,NA,NA,NA,NA,NA,NA,NA,NA,NA,NA,NA,NA,NA,NA,Kentucky,2024
6,219,BUF,Daequan Hardy,CB,23,NA,0,0,0,NA,NA,NA,NA,NA,NA,NA,NA,NA,NA,NA,NA,NA,NA,NA,NA,NA,Penn St.,2024
6,220,TAM,Elijah Klein,OG,24,2024,0,0,0,0,0,9,0,0,0,0,0,0,0,0,0,0,0,NA,NA,NA,Texas-El Paso,2024
7,221,BUF,Travis Clayton,OT,NA,NA,0,0,0,NA,NA,NA,NA,NA,NA,NA,NA,NA,NA,NA,NA,NA,NA,NA,NA,NA,,2024
7,222,WAS,Javontae Jean-Baptiste,DL,24,2024,0,0,0,0,0,6,0,0,0,0,0,0,0,0,0,0,0,3,NA,1,Notre Dame,2024
7,223,LVR,Trey Taylor,FS,23,2024,0,0,0,0,0,2,0,0,0,0,0,0,0,0,0,0,0,NA,NA,NA,Air Force,2024
7,224,CIN,Daijahn Anthony,SAF,23,2024,0,0,0,0,0,8,0,0,0,0,0,0,0,0,0,0,0,1,NA,NA,Mississippi,2024
7,225,LAC,Brenden Rice,WR,22,2024,0,0,0,0,0,3,0,0,0,0,0,0,0,0,0,0,0,NA,NA,NA,USC,2024
7,226,ARI,Jaden Davis,DB,NA,NA,0,0,0,NA,NA,NA,NA,NA,NA,NA,NA,NA,NA,NA,NA,NA,NA,NA,NA,NA,Miami (FL),2024
7,227,CLE,Myles Harden,DB,22,NA,0,0,0,NA,NA,NA,NA,NA,NA,NA,NA,NA,NA,NA,NA,NA,NA,NA,NA,NA,South Dakota,2024
7,228,BAL,Nick Samac,C,23,NA,0,0,0,NA,NA,NA,NA,NA,NA,NA,NA,NA,NA,NA,NA,NA,NA,NA,NA,NA,Michigan St.,2024
7,229,LVR,M.J. Devonshire,DB,23,NA,0,0,0,NA,NA,NA,NA,NA,NA,NA,NA,NA,NA,NA,NA,NA,NA,NA,NA,NA,Pittsburgh,2024
7,230,MIN,Michael Jurgens,OL,24,2024,0,0,0,0,0,1,0,0,0,0,0,0,0,0,0,0,0,NA,NA,NA,Wake Forest,2024
7,231,NWE,Jaheim Bell,TE,23,2024,0,0,0,0,0,9,0,0,0,0,0,0,0,0,1,1,0,NA,NA,NA,Florida St.,2024
7,232,MIN,Levi Drake Rodriguez,DT,24,2024,0,0,0,0,0,1,0,0,0,0,0,0,0,0,0,0,0,NA,NA,NA,Texas A&M-Commerce,2024
7,233,DAL,Nathan Thomas,OL,23,NA,0,0,0,NA,NA,NA,NA,NA,NA,NA,NA,NA,NA,NA,NA,NA,NA,NA,NA,NA,Louisiana,2024
7,234,IND,Jonah Laulu,DL,24,2024,0,0,0,0,NA,10,0,0,0,0,0,0,0,0,0,0,0,2,NA,NA,Oklahoma,2024
7,235,DEN,Devaughn Vele,WR,26,2024,0,0,0,0,0,7,0,0,0,0,0,0,0,0,26,281,1,NA,NA,NA,Utah,2024
7,236,JAX,Myles Cole,OLB,24,2024,0,0,0,0,0,4,0,0,0,0,0,0,0,0,0,0,0,2,NA,NA,Texas Tech,2024
7,237,CIN,Matt Lee,C,23,2024,0,0,0,0,0,11,0,0,0,0,0,0,0,0,0,0,0,NA,NA,NA,Miami (FL),2024
7,238,HOU,Solomon Byrd,DE,24,NA,0,0,0,NA,NA,NA,NA,NA,NA,NA,NA,NA,NA,NA,NA,NA,NA,NA,NA,NA,USC,2024
7,239,NOR,Josiah Ezirim,OT,23,NA,0,0,0,NA,NA,NA,NA,NA,NA,NA,NA,NA,NA,NA,NA,NA,NA,NA,NA,NA,Eastern Kentucky,2024
7,240,CAR,Michael Barrett,LB,24,NA,0,0,0,NA,NA,NA,NA,NA,NA,NA,NA,NA,NA,NA,NA,NA,NA,NA,NA,NA,Michigan,2024
7,241,MIA,Tahj Washington,WR,23,NA,0,0,0,NA,NA,NA,NA,NA,NA,NA,NA,NA,NA,NA,NA,NA,NA,NA,NA,NA,USC,2024
7,242,TEN,James Williams,SAF,21,2024,0,0,0,0,0,6,0,0,0,0,0,0,0,0,0,0,0,2,NA,NA,Miami (FL),2024
7,243,CLE,Jowon Briggs,DE,23,NA,0,0,0,NA,NA,NA,NA,NA,NA,NA,NA,NA,NA,NA,NA,NA,NA,NA,NA,NA,Cincinnati,2024
7,244,DAL,Justin Rogers,DL,22,NA,0,0,0,NA,NA,NA,NA,NA,NA,NA,NA,NA,NA,NA,NA,NA,NA,NA,NA,NA,Auburn,2024
7,245,GNB,Michael Pratt,QB,22,NA,0,0,0,NA,NA,NA,NA,NA,NA,NA,NA,NA,NA,NA,NA,NA,NA,NA,NA,NA,Tulane,2024
7,246,TAM,Devin Culp,TE,24,2024,0,0,0,0,0,2,0,0,0,0,0,0,0,0,0,0,0,NA,NA,NA,Washington,2024
7,247,HOU,Marcus Harris,DL,23,NA,0,0,0,NA,NA,NA,NA,NA,NA,NA,NA,NA,NA,NA,NA,NA,NA,NA,NA,NA,Auburn,2024
7,248,KAN,C.J. Hanson,OG,23,NA,0,0,0,NA,NA,NA,NA,NA,NA,NA,NA,NA,NA,NA,NA,NA,NA,NA,NA,NA,Holy Cross,2024
7,249,HOU,LaDarius Henderson,OL,22,NA,0,0,0,NA,NA,NA,NA,NA,NA,NA,NA,NA,NA,NA,NA,NA,NA,NA,NA,NA,Michigan,2024
7,250,BAL,Sanoussi Kane,SAF,22,2024,0,0,0,0,0,11,0,0,0,0,0,0,0,0,0,0,0,3,NA,NA,Purdue,2024
7,251,SFO,Tatum Bethune,LB,23,2024,0,0,0,0,0,9,0,0,0,0,0,0,0,0,0,0,0,NA,NA,NA,Florida St.,2024
7,252,TEN,Jaylen Harrell,DE,22,2024,0,0,0,0,0,10,0,0,0,0,0,0,0,0,0,0,0,5,NA,NA,Michigan,2024
7,253,LAC,Cornelius Johnson,WR,23,NA,0,0,0,NA,NA,NA,NA,NA,NA,NA,NA,NA,NA,NA,NA,NA,NA,NA,NA,NA,Michigan,2024
7,254,LAR,KT Leveston,OL,24,NA,0,0,0,NA,NA,NA,NA,NA,NA,NA,NA,NA,NA,NA,NA,NA,NA,NA,NA,NA,Kansas St.,2024
7,255,GNB,Kalen King,CB,21,NA,0,0,0,NA,NA,NA,NA,NA,NA,NA,NA,NA,NA,NA,NA,NA,NA,NA,NA,NA,Penn St.,2024
7,256,DEN,Nick Gargiulo,OL,24,NA,0,0,0,NA,NA,NA,NA,NA,NA,NA,NA,NA,NA,NA,NA,NA,NA,NA,NA,NA,South Carolina,2024
7,257,NYJ,Jaylen Key,SAF,24,NA,0,0,0,NA,NA,NA,NA,NA,NA,NA,NA,NA,NA,NA,NA,NA,NA,NA,NA,NA,Alabama,2024
